<Ticker>,<DTYYYYMMDD>,<OpenFixed>,<HighFixed>,<LowFixed>,<CloseFixed>,<Volume>
HHR,20170217,10.5000,10.5000,10.5000,10.5000,0
HHR,20170220,10.5000,10.5000,10.5000,10.5000,0
HHR,20170221,10.5000,10.5000,10.5000,10.5000,0
HHR,20170222,10.5000,10.5000,10.5000,10.5000,0
HHR,20170223,10.5000,10.5000,10.5000,10.5000,0
HHR,20170224,10.5000,10.5000,10.5000,10.5000,0
HHR,20170227,10.5000,10.5000,10.5000,10.5000,0
HHR,20170228,10.5000,10.5000,10.5000,10.5000,0
HHR,20170301,10.5000,10.5000,10.5000,10.5000,0
HHR,20170302,10.5000,10.5000,10.5000,10.5000,0
HHR,20170303,10.5000,10.5000,10.5000,10.5000,0
HHR,20170306,10.5000,10.5000,10.5000,10.5000,0
HHR,20170307,10.5000,10.5000,10.5000,10.5000,0
HHR,20170308,10.5000,10.5000,10.5000,10.5000,0
HHR,20170309,10.5000,10.5000,10.5000,10.5000,0
HHR,20170310,10.5000,10.5000,10.5000,10.5000,0
HHR,20170313,10.5000,10.5000,10.5000,10.5000,0
HHR,20170314,10.5000,10.5000,10.5000,10.5000,0
HHR,20170315,10.5000,10.5000,10.5000,10.5000,0
HHR,20170316,10.5000,10.5000,10.5000,10.5000,0
HHR,20170317,10.5000,10.5000,10.5000,10.5000,0
HHR,20170320,10.5000,10.5000,10.5000,10.5000,0
HHR,20170321,10.5000,10.5000,10.5000,10.5000,0
HHR,20170322,10.5000,10.5000,10.5000,10.5000,0
HHR,20170323,10.5000,10.5000,10.5000,10.5000,0
HHR,20170324,10.5000,10.5000,10.5000,10.5000,0
HHR,20170327,10.5000,10.5000,10.5000,10.5000,0
HHR,20170328,10.5000,10.5000,10.5000,10.5000,0
HHR,20170329,10.5000,10.5000,10.5000,10.5000,0
HHR,20170330,10.5000,10.5000,10.5000,10.5000,0
HHR,20170331,10.5000,10.5000,10.5000,10.5000,0
HHR,20170403,10.5000,10.5000,10.5000,10.5000,0
HHR,20170404,10.5000,10.5000,10.5000,10.5000,0
HHR,20170405,10.5000,10.5000,10.5000,10.5000,0
HHR,20170407,10.5000,10.5000,10.5000,10.5000,0
HHR,20170410,10.5000,10.5000,10.5000,10.5000,0
HHR,20170411,10.5000,10.5000,10.5000,10.5000,0
HHR,20170412,10.5000,10.5000,10.5000,10.5000,0
HHR,20170413,10.5000,10.5000,10.5000,10.5000,0
HHR,20170414,10.5000,10.5000,10.5000,10.5000,0
HHR,20170417,10.5000,10.5000,10.5000,10.5000,0
HHR,20170418,10.5000,10.5000,10.5000,10.5000,0
HHR,20170419,10.5000,10.5000,10.5000,10.5000,0
HHR,20170420,10.5000,10.5000,10.5000,10.5000,0
HHR,20170421,10.5000,10.5000,10.5000,10.5000,0
HHR,20170424,10.5000,10.5000,10.5000,10.5000,0
HHR,20170425,10.5000,10.5000,10.5000,10.5000,0
HHR,20170426,10.5000,10.5000,10.5000,10.5000,0
HHR,20170427,10.5000,10.5000,10.5000,10.5000,0
HHR,20170428,10.5000,10.5000,10.5000,10.5000,0
HHR,20170503,10.5000,10.5000,10.5000,10.5000,0
HHR,20170504,10.5000,10.5000,10.5000,10.5000,0
HHR,20170505,10.5000,10.5000,10.5000,10.5000,0
HHR,20170508,10.5000,10.5000,10.5000,10.5000,0
HHR,20170509,10.5000,10.5000,10.5000,10.5000,0
HHR,20170510,10.5000,10.5000,10.5000,10.5000,0
HHR,20170511,10.5000,10.5000,10.5000,10.5000,0
HHR,20170512,10.5000,10.5000,10.5000,10.5000,0
HHR,20170515,10.5000,10.5000,10.5000,10.5000,0
HHR,20170516,10.5000,10.5000,10.5000,10.5000,0
HHR,20170517,10.5000,10.5000,10.5000,10.5000,0
HHR,20170518,10.5000,10.5000,10.5000,10.5000,0
HHR,20170519,10.5000,10.5000,10.5000,10.5000,0
HHR,20170522,-1.5183,-1.5183,-1.5183,-1.5183,0
HHR,20170523,-1.5183,-1.5183,-1.5183,-1.5183,0
HHR,20170524,-1.5183,-1.5183,-1.5183,-1.5183,0
HHR,20170525,-1.5183,-1.5183,-1.5183,-1.5183,0
HHR,20170526,-1.5183,-1.5183,-1.5183,-1.5183,0
HHR,20170529,-1.5183,-1.5183,-1.5183,-1.5183,0
HHR,20170530,-1.5183,-1.5183,-1.5183,-1.5183,0
HHR,20170531,-1.5183,-1.5183,-1.5183,-1.5183,0
HHR,20170601,-1.5183,-1.5183,-1.5183,-1.5183,0
HHR,20170602,-1.5183,-1.5183,-1.5183,-1.5183,0
HHR,20170605,-1.5183,-1.5183,-1.5183,-1.5183,0
HHR,20170606,-1.5183,-1.5183,-1.5183,-1.5183,0
HHR,20170607,-1.5183,-1.5183,-1.5183,-1.5183,0
HHR,20170608,-1.5183,-1.5183,-1.5183,-1.5183,0
HHR,20170609,-1.5183,-1.5183,-1.5183,-1.5183,0
HHR,20170612,-1.5183,-1.5183,-1.5183,-1.5183,0
HHR,20170613,-1.5183,-1.5183,-1.5183,-1.5183,0
HHR,20170614,-1.5183,-1.5183,-1.5183,-1.5183,0
HHR,20170615,-1.5183,-1.5183,-1.5183,-1.5183,0
HHR,20170616,-1.5183,-1.5183,-1.5183,-1.5183,0
HHR,20170619,-1.5183,-1.5183,-1.5183,-1.5183,0
HHR,20170620,-1.5183,-1.5183,-1.5183,-1.5183,0
HHR,20170621,-1.5183,-1.5183,-1.5183,-1.5183,0
HHR,20170622,-1.5183,-1.5183,-1.5183,-1.5183,0
HHR,20170623,-1.5183,-1.5183,-1.5183,-1.5183,0
HHR,20170626,-1.5183,-1.5183,-1.5183,-1.5183,0
HHR,20170627,-1.5183,-1.5183,-1.5183,-1.5183,0
HHR,20170628,-1.5183,-1.5183,-1.5183,-1.5183,0
HHR,20170629,-1.5183,-1.5183,-1.5183,-1.5183,0
HHR,20170630,-1.5183,-1.5183,-1.5183,-1.5183,0
HHR,20170703,-1.5183,-1.5183,-1.5183,-1.5183,0
HHR,20170704,-1.5183,-1.5183,-1.5183,-1.5183,0
HHR,20170705,-1.5183,-1.5183,-1.5183,-1.5183,0
HHR,20170706,-1.5183,-1.5183,-1.5183,-1.5183,0
HHR,20170707,-1.5183,-1.5183,-1.5183,-1.5183,0
HHR,20170710,-1.5183,-1.5183,-1.5183,-1.5183,0
HHR,20170711,-1.5183,-1.5183,-1.5183,-1.5183,0
HHR,20170712,-1.5183,-1.5183,-1.5183,-1.5183,0
HHR,20170713,-1.5183,-1.5183,-1.5183,-1.5183,0
HHR,20170714,-1.5183,-1.5183,-1.5183,-1.5183,0
HHR,20170717,-1.5183,-1.5183,-1.5183,-1.5183,0
HHR,20170718,-1.5183,-1.5183,-1.5183,-1.5183,0
HHR,20170719,-1.5183,-1.5183,-1.5183,-1.5183,0
HHR,20170720,-1.5183,-1.5183,-1.5183,-1.5183,0
HHR,20170721,-1.5183,-1.5183,-1.5183,-1.5183,0
HHR,20170724,-1.5183,-1.5183,-1.5183,-1.5183,0
HHR,20170725,-1.5183,-1.5183,-1.5183,-1.5183,0
HHR,20170726,-1.5183,-1.5183,-1.5183,-1.5183,0
HHR,20170727,-1.5183,-1.5183,-1.5183,-1.5183,0
HHR,20170728,-1.5183,-1.5183,-1.5183,-1.5183,0
HHR,20170731,-1.5183,-1.5183,-1.5183,-1.5183,0
HHR,20170801,-1.5183,-1.5183,-1.5183,-1.5183,0
HHR,20170802,-1.5183,-1.5183,-1.5183,-1.5183,0
HHR,20170803,-1.5183,-1.5183,-1.5183,-1.5183,0
HHR,20170804,-1.5183,-1.5183,-1.5183,-1.5183,0
HHR,20170807,-1.5183,-1.5183,-1.5183,-1.5183,0
HHR,20170808,-1.5183,-1.5183,-1.5183,-1.5183,0
HHR,20170809,-1.5183,-1.5183,-1.5183,-1.5183,0
HHR,20170810,-1.5183,-1.5183,-1.5183,-1.5183,0
HHR,20170811,-1.5183,-1.5183,-1.5183,-1.5183,0
HHR,20170814,-1.5183,-1.5183,-1.5183,-1.5183,0
HHR,20170815,-1.5183,-1.5183,-1.5183,-1.5183,0
HHR,20170816,-1.5183,-1.5183,-1.5183,-1.5183,0
HHR,20170817,-1.5183,-1.5183,-1.5183,-1.5183,0
HHR,20170818,-1.5183,-1.5183,-1.5183,-1.5183,0
HHR,20170821,-1.5183,-1.5183,-1.5183,-1.5183,0
HHR,20170822,-1.5183,-1.5183,-1.5183,-1.5183,0
HHR,20170823,-1.5183,-1.5183,-1.5183,-1.5183,0
HHR,20170824,-1.5183,-1.5183,-1.5183,-1.5183,0
HHR,20170825,-1.5183,-1.5183,-1.5183,-1.5183,0
HHR,20170828,-1.5183,-1.5183,-1.5183,-1.5183,0
HHR,20170829,-1.5183,-1.5183,-1.5183,-1.5183,0
HHR,20170830,-1.5183,-1.5183,-1.5183,-1.5183,0
HHR,20170831,-1.5183,-1.5183,-1.5183,-1.5183,0
HHR,20170901,-1.5183,-1.5183,-1.5183,-1.5183,0
HHR,20170905,-1.5183,-1.5183,-1.5183,-1.5183,0
HHR,20170906,-1.5183,-1.5183,-1.5183,-1.5183,0
HHR,20170907,-1.5183,-1.5183,-1.5183,-1.5183,0
HHR,20170908,-1.5183,-1.5183,-1.5183,-1.5183,0
HHR,20170911,-1.5183,-1.5183,-1.5183,-1.5183,0
HHR,20170912,-1.5183,-1.5183,-1.5183,-1.5183,0
HHR,20170913,-1.5183,-1.5183,-1.5183,-1.5183,0
HHR,20170914,-1.5183,-1.5183,-1.5183,-1.5183,0
HHR,20170915,-1.5183,-1.5183,-1.5183,-1.5183,0
HHR,20170918,-1.5183,-1.5183,-1.5183,-1.5183,0
HHR,20170919,-1.5183,-1.5183,-1.5183,-1.5183,0
HHR,20170920,-1.5183,-1.5183,-1.5183,-1.5183,0
HHR,20170921,-1.5183,-1.5183,-1.5183,-1.5183,0
HHR,20170922,-1.5183,-1.5183,-1.5183,-1.5183,0
HHR,20170925,-1.5183,-1.5183,-1.5183,-1.5183,0
HHR,20170926,-1.5183,-1.5183,-1.5183,-1.5183,0
HHR,20170927,-1.5183,-1.5183,-1.5183,-1.5183,0
HHR,20170928,-1.5183,-1.5183,-1.5183,-1.5183,0
HHR,20170929,-1.5183,-1.5183,-1.5183,-1.5183,0
HHR,20171002,-1.5183,-1.5183,-1.5183,-1.5183,0
HHR,20171003,-1.5183,-1.5183,-1.5183,-1.5183,0
HHR,20171004,-1.5183,-1.5183,-1.5183,-1.5183,0
HHR,20171005,-1.5183,-1.5183,-1.5183,-1.5183,0
HHR,20171006,-1.5183,-1.5183,-1.5183,-1.5183,0
HHR,20171009,-1.5183,-1.5183,-1.5183,-1.5183,0
HHR,20171010,-1.5183,-1.5183,-1.5183,-1.5183,0
HHR,20171011,-1.5183,-1.5183,-1.5183,-1.5183,0
HHR,20171012,-1.5183,-1.5183,-1.5183,-1.5183,0
HHR,20171013,-1.5183,-1.5183,-1.5183,-1.5183,0
HHR,20171016,-1.5183,-1.5183,-1.5183,-1.5183,0
HHR,20171017,-1.5183,-1.5183,-1.5183,-1.5183,0
HHR,20171018,-1.5183,-1.5183,-1.5183,-1.5183,0
HHR,20171019,-1.5183,-1.5183,-1.5183,-1.5183,0
HHR,20171020,-1.5183,-1.5183,-1.5183,-1.5183,0
HHR,20171023,-1.5183,-1.5183,-1.5183,-1.5183,0
HHR,20171024,-1.5183,-1.5183,-1.5183,-1.5183,0
HHR,20171025,-1.5183,-1.5183,-1.5183,-1.5183,0
HHR,20171026,-1.5183,-1.5183,-1.5183,-1.5183,0
HHR,20171027,-1.5183,-1.5183,-1.5183,-1.5183,0
HHR,20171030,-1.5183,-1.5183,-1.5183,-1.5183,0
HHR,20171031,-1.5183,-1.5183,-1.5183,-1.5183,0
HHR,20171101,-1.5183,-1.5183,-1.5183,-1.5183,0
HHR,20171102,-1.5183,-1.5183,-1.5183,-1.5183,0
HHR,20171103,-1.5183,-1.5183,-1.5183,-1.5183,0
HHR,20171106,-1.5183,-1.5183,-1.5183,-1.5183,0
HHR,20171107,-1.5183,-1.5183,-1.5183,-1.5183,0
HHR,20171108,-1.5183,-1.5183,-1.5183,-1.5183,0
HHR,20171109,-1.5183,-1.5183,-1.5183,-1.5183,0
HHR,20171110,-1.5183,-1.5183,-1.5183,-1.5183,0
HHR,20171113,-1.5183,-1.5183,-1.5183,-1.5183,0
HHR,20171114,-1.5183,-1.5183,-1.5183,-1.5183,0
HHR,20171115,-1.5183,-1.5183,-1.5183,-1.5183,0
HHR,20171116,-1.5183,-1.5183,-1.5183,-1.5183,0
HHR,20171117,-1.5183,-1.5183,-1.5183,-1.5183,0
HHR,20171120,-1.5183,-1.5183,-1.5183,-1.5183,0
HHR,20171121,-1.5183,-1.5183,-1.5183,-1.5183,0
HHR,20171122,-1.5183,-1.5183,-1.5183,-1.5183,0
HHR,20171123,-1.5183,-1.5183,-1.5183,-1.5183,0
HHR,20171124,-1.5183,-1.5183,-1.5183,-1.5183,0
HHR,20171127,-1.5183,-1.5183,-1.5183,-1.5183,0
HHR,20171128,-1.5183,-1.5183,-1.5183,-1.5183,0
HHR,20171129,-1.5183,-1.5183,-1.5183,-1.5183,0
HHR,20171130,-1.5183,-1.5183,-1.5183,-1.5183,0
HHR,20171201,-1.5183,-1.5183,-1.5183,-1.5183,0
HHR,20171204,-1.5183,-1.5183,-1.5183,-1.5183,0
HHR,20171205,-1.5183,-1.5183,-1.5183,-1.5183,0
HHR,20171206,-1.5183,-1.5183,-1.5183,-1.5183,0
HHR,20171207,-1.5183,-1.5183,-1.5183,-1.5183,0
HHR,20171208,-1.5183,-1.5183,-1.5183,-1.5183,0
HHR,20171211,-1.5183,-1.5183,-1.5183,-1.5183,0
HHR,20171212,-1.5183,-1.5183,-1.5183,-1.5183,0
HHR,20171213,-1.5183,-1.5183,-1.5183,-1.5183,0
HHR,20171214,-1.5183,-1.5183,-1.5183,-1.5183,0
HHR,20171215,-1.5183,-1.5183,-1.5183,-1.5183,0
HHR,20171218,-1.5183,-1.5183,-1.5183,-1.5183,0
HHR,20171219,-1.5183,-1.5183,-1.5183,-1.5183,0
HHR,20171220,-1.5183,-1.5183,-1.5183,-1.5183,0
HHR,20171221,-1.5183,-1.5183,-1.5183,-1.5183,0
HHR,20171222,-1.5183,-1.5183,-1.5183,-1.5183,0
HHR,20171225,-1.5183,-1.5183,-1.5183,-1.5183,0
HHR,20171226,-1.5183,-1.5183,-1.5183,-1.5183,0
HHR,20171227,-1.5183,-1.5183,-1.5183,-1.5183,0
HHR,20171228,-1.5183,-1.5183,-1.5183,-1.5183,0
HHR,20171229,-1.5183,-1.5183,-1.5183,-1.5183,0
HHR,20180102,-1.5183,-1.5183,-1.5183,-1.5183,0
HHR,20180103,-1.5183,-1.5183,-1.5183,-1.5183,0
HHR,20180104,-1.5183,-1.5183,-1.5183,-1.5183,0
HHR,20180105,-1.5183,-1.5183,-1.5183,-1.5183,0
HHR,20180108,-1.5183,-1.5183,-1.5183,-1.5183,0
HHR,20180109,-1.5183,-1.5183,-1.5183,-1.5183,0
HHR,20180110,-1.5183,-1.5183,-1.5183,-1.5183,0
HHR,20180111,-1.5183,-1.5183,-1.5183,-1.5183,0
HHR,20180112,-1.5183,-1.5183,-1.5183,-1.5183,0
HHR,20180115,-1.5183,-1.5183,-1.5183,-1.5183,0
HHR,20180116,-1.5183,-1.5183,-1.5183,-1.5183,0
HHR,20180117,-1.5183,-1.5183,-1.5183,-1.5183,0
HHR,20180118,-1.5183,-1.5183,-1.5183,-1.5183,0
HHR,20180119,-1.5183,-1.5183,-1.5183,-1.5183,0
HHR,20180122,-1.5183,-1.5183,-1.5183,-1.5183,0
HHR,20180123,-1.5183,-1.5183,-1.5183,-1.5183,0
HHR,20180124,-1.5183,-1.5183,-1.5183,-1.5183,0
HHR,20180125,-1.5183,-1.5183,-1.5183,-1.5183,0
HHR,20180126,-1.5183,-1.5183,-1.5183,-1.5183,0
HHR,20180129,-1.5183,-1.5183,-1.5183,-1.5183,0
HHR,20180130,-1.5183,-1.5183,-1.5183,-1.5183,0
HHR,20180131,-1.5183,-1.5183,-1.5183,-1.5183,0
HHR,20180201,-1.5183,-1.5183,-1.5183,-1.5183,0
HHR,20180202,-1.5183,-1.5183,-1.5183,-1.5183,0
HHR,20180205,-1.5183,-1.5183,-1.5183,-1.5183,0
HHR,20180206,-1.5183,-1.5183,-1.5183,-1.5183,0
HHR,20180207,-1.5183,-1.5183,-1.5183,-1.5183,0
HHR,20180208,-1.5183,-1.5183,-1.5183,-1.5183,0
HHR,20180209,-1.5183,-1.5183,-1.5183,-1.5183,0
HHR,20180212,-1.5183,-1.5183,-1.5183,-1.5183,0
HHR,20180213,-1.5183,-1.5183,-1.5183,-1.5183,0
HHR,20180221,-1.5183,-1.5183,-1.5183,-1.5183,0
HHR,20180222,-1.5183,-1.5183,-1.5183,-1.5183,0
HHR,20180223,-1.5183,-1.5183,-1.5183,-1.5183,0
HHR,20180226,-1.5183,-1.5183,-1.5183,-1.5183,0
HHR,20180227,-1.5183,-1.5183,-1.5183,-1.5183,0
HHR,20180228,-1.5183,-1.5183,-1.5183,-1.5183,0
HHR,20180301,-1.5183,-1.5183,-1.5183,-1.5183,0
HHR,20180302,-1.5183,-1.5183,-1.5183,-1.5183,0
HHR,20180305,-1.5183,-1.5183,-1.5183,-1.5183,0
HHR,20180306,-1.5183,-1.5183,-1.5183,-1.5183,0
HHR,20180307,-1.5183,-1.5183,-1.5183,-1.5183,0
HHR,20180308,-1.5183,-1.5183,-1.5183,-1.5183,0
HHR,20180309,-1.5183,-1.5183,-1.5183,-1.5183,0
HHR,20180312,-1.5183,-1.5183,-1.5183,-1.5183,0
HHR,20180313,-1.5183,-1.5183,-1.5183,-1.5183,0
HHR,20180314,-1.5183,-1.5183,-1.5183,-1.5183,0
HHR,20180315,-1.5183,-1.5183,-1.5183,-1.5183,0
HHR,20180316,-1.5183,-1.5183,-1.5183,-1.5183,0
HHR,20180319,-1.5183,-1.5183,-1.5183,-1.5183,0
HHR,20180320,-1.5183,-1.5183,-1.5183,-1.5183,0
HHR,20180321,-1.5183,-1.5183,-1.5183,-1.5183,0
HHR,20180322,-1.5183,-1.5183,-1.5183,-1.5183,0
HHR,20180323,-1.5183,-1.5183,-1.5183,-1.5183,0
HHR,20180326,-1.5183,-1.5183,-1.5183,-1.5183,0
HHR,20180327,-1.5183,-1.5183,-1.5183,-1.5183,0
HHR,20180328,-1.5183,-1.5183,-1.5183,-1.5183,0
HHR,20180329,-1.5183,-1.5183,-1.5183,-1.5183,0
HHR,20180330,-1.5183,-1.5183,-1.5183,-1.5183,0
HHR,20180402,-1.5183,-1.5183,-1.5183,-1.5183,0
HHR,20180403,-1.5183,-1.5183,-1.5183,-1.5183,0
HHR,20180404,-1.5183,-1.5183,-1.5183,-1.5183,0
HHR,20180405,-1.5183,-1.5183,-1.5183,-1.5183,0
HHR,20180406,-1.5183,-1.5183,-1.5183,-1.5183,0
HHR,20180409,-1.5183,-1.5183,-1.5183,-1.5183,0
HHR,20180410,-1.5183,-1.5183,-1.5183,-1.5183,0
HHR,20180411,-1.5183,-1.5183,-1.5183,-1.5183,0
HHR,20180412,-1.5183,-1.5183,-1.5183,-1.5183,0
HHR,20180413,-1.5183,-1.5183,-1.5183,-1.5183,0
HHR,20180416,-1.5183,-1.5183,-1.5183,-1.5183,0
HHR,20180417,-1.5183,-1.5183,-1.5183,-1.5183,0
HHR,20180418,-1.5183,-1.5183,-1.5183,-1.5183,0
HHR,20180419,-1.5183,-1.5183,-1.5183,-1.5183,0
HHR,20180420,-1.5183,-1.5183,-1.5183,-1.5183,0
HHR,20180423,-1.5183,-1.5183,-1.5183,-1.5183,0
HHR,20180424,-1.5183,-1.5183,-1.5183,-1.5183,0
HHR,20180426,-1.5183,-1.5183,-1.5183,-1.5183,0
HHR,20180427,-1.5183,-1.5183,-1.5183,-1.5183,0
HHR,20180502,-1.5183,-1.5183,-1.5183,-1.5183,0
HHR,20180503,-1.5183,-1.5183,-1.5183,-1.5183,0
HHR,20180504,-1.5183,-1.5183,-1.5183,-1.5183,0
HHR,20180507,-1.5183,-1.5183,-1.5183,-1.5183,0
HHR,20180508,-1.5183,-1.5183,-1.5183,-1.5183,0
HHR,20180509,-1.5183,-1.5183,-1.5183,-1.5183,0
HHR,20180510,-1.5183,-1.5183,-1.5183,-1.5183,0
HHR,20180511,-1.5249,-1.5249,-1.5249,-1.5249,0
HHR,20180514,-1.5249,-1.5249,-1.5249,-1.5249,0
HHR,20180515,-1.5249,-1.5249,-1.5249,-1.5249,0
HHR,20180516,-1.5249,-1.5249,-1.5249,-1.5249,0
HHR,20180517,-1.5249,-1.5249,-1.5249,-1.5249,0
HHR,20180518,-1.5249,-1.5249,-1.5249,-1.5249,0
HHR,20180521,-1.5249,-1.5249,-1.5249,-1.5249,0
HHR,20180522,-1.5249,-1.5249,-1.5249,-1.5249,0
HHR,20180523,-1.5249,-1.5249,-1.5249,-1.5249,0
HHR,20180524,-1.5249,-1.5249,-1.5249,-1.5249,0
HHR,20180525,-1.5249,-1.5249,-1.5249,-1.5249,0
HHR,20180528,-1.5249,-1.5249,-1.5249,-1.5249,0
HHR,20180529,-1.5249,-1.5249,-1.5249,-1.5249,0
HHR,20180530,-1.5249,-1.5249,-1.5249,-1.5249,0
HHR,20180531,-1.5249,-1.5249,-1.5249,-1.5249,0
HHR,20180601,-1.5249,-1.5249,-1.5249,-1.5249,0
HHR,20180604,-1.5249,-1.5249,-1.5249,-1.5249,0
HHR,20180605,-1.5249,-1.5249,-1.5249,-1.5249,0
HHR,20180606,-1.5249,-1.5249,-1.5249,-1.5249,0
HHR,20180607,-1.5249,-1.5249,-1.5249,-1.5249,0
HHR,20180608,-1.5249,-1.5249,-1.5249,-1.5249,0
HHR,20180611,-1.5249,-1.5249,-1.5249,-1.5249,0
HHR,20180612,-1.5249,-1.5249,-1.5249,-1.5249,0
HHR,20180613,-1.5249,-1.5249,-1.5249,-1.5249,0
HHR,20180614,-1.5249,-1.5249,-1.5249,-1.5249,0
HHR,20180615,-1.5249,-1.5249,-1.5249,-1.5249,0
HHR,20180618,-1.5249,-1.5249,-1.5249,-1.5249,0
HHR,20180619,-1.5249,-1.5249,-1.5249,-1.5249,0
HHR,20180620,-1.5249,-1.5249,-1.5249,-1.5249,0
HHR,20180621,-1.5249,-1.5249,-1.5249,-1.5249,0
HHR,20180622,-1.5249,-1.5249,-1.5249,-1.5249,0
HHR,20180625,-1.5249,-1.5249,-1.5249,-1.5249,0
HHR,20180626,-1.5249,-1.5249,-1.5249,-1.5249,0
HHR,20180627,-1.5249,-1.5249,-1.5249,-1.5249,0
HHR,20180628,-1.5249,-1.5249,-1.5249,-1.5249,0
HHR,20180629,-1.5249,-1.5249,-1.5249,-1.5249,0
HHR,20180702,-1.5249,-1.5249,-1.5249,-1.5249,0
HHR,20180703,-1.5249,-1.5249,-1.5249,-1.5249,0
HHR,20180704,-1.5249,-1.5249,-1.5249,-1.5249,0
HHR,20180705,-1.5249,-1.5249,-1.5249,-1.5249,0
HHR,20180706,-1.5249,-1.5249,-1.5249,-1.5249,0
HHR,20180709,-1.5249,-1.5249,-1.5249,-1.5249,0
HHR,20180710,-1.5249,-1.5249,-1.5249,-1.5249,0
HHR,20180711,-1.5249,-1.5249,-1.5249,-1.5249,0
HHR,20180712,-1.5249,-1.5249,-1.5249,-1.5249,0
HHR,20180713,-1.5249,-1.5249,-1.5249,-1.5249,0
HHR,20180716,-1.5249,-1.5249,-1.5249,-1.5249,0
HHR,20180717,-1.5249,-1.5249,-1.5249,-1.5249,0
HHR,20180718,-1.5249,-1.5249,-1.5249,-1.5249,0
HHR,20180719,-1.5249,-1.5249,-1.5249,-1.5249,0
HHR,20180720,-1.5249,-1.5249,-1.5249,-1.5249,0
HHR,20180723,-1.5249,-1.5249,-1.5249,-1.5249,0
HHR,20180724,-1.5249,-1.5249,-1.5249,-1.5249,0
HHR,20180725,-1.5249,-1.5249,-1.5249,-1.5249,0
HHR,20180726,-1.5249,-1.5249,-1.5249,-1.5249,0
HHR,20180727,-1.5249,-1.5249,-1.5249,-1.5249,0
HHR,20180730,-1.5249,-1.5249,-1.5249,-1.5249,0
HHR,20180731,-1.5249,-1.5249,-1.5249,-1.5249,0
HHR,20180801,-1.5249,-1.5249,-1.5249,-1.5249,0
HHR,20180802,-1.5249,-1.5249,-1.5249,-1.5249,0
HHR,20180803,-1.5249,-1.5249,-1.5249,-1.5249,0
HHR,20180806,-1.5249,-1.5249,-1.5249,-1.5249,0
HHR,20180807,-1.5249,-1.5249,-1.5249,-1.5249,0
HHR,20180808,-1.5249,-1.5249,-1.5249,-1.5249,0
HHR,20180809,-1.5249,-1.5249,-1.5249,-1.5249,0
HHR,20180810,-1.5249,-1.5249,-1.5249,-1.5249,0
HHR,20180813,-1.5249,-1.5249,-1.5249,-1.5249,0
HHR,20180814,-1.5249,-1.5249,-1.5249,-1.5249,0
HHR,20180815,-1.5249,-1.5249,-1.5249,-1.5249,0
HHR,20180816,-1.5249,-1.5249,-1.5249,-1.5249,0
HHR,20180817,-1.5249,-1.5249,-1.5249,-1.5249,0
HHR,20180820,-1.5249,-1.5249,-1.5249,-1.5249,0
HHR,20180821,-1.5249,-1.5249,-1.5249,-1.5249,0
HHR,20180822,-1.5249,-1.5249,-1.5249,-1.5249,0
HHR,20180823,-1.5249,-1.5249,-1.5249,-1.5249,0
HHR,20180824,-1.5249,-1.5249,-1.5249,-1.5249,0
HHR,20180827,-1.5249,-1.5249,-1.5249,-1.5249,0
HHR,20180828,-1.5249,-1.5249,-1.5249,-1.5249,0
HHR,20180829,-1.5249,-1.5249,-1.5249,-1.5249,0
HHR,20180830,-1.5249,-1.5249,-1.5249,-1.5249,0
HHR,20180831,-1.5249,-1.5249,-1.5249,-1.5249,0
HHR,20180904,-1.5249,-1.5249,-1.5249,-1.5249,0
HHR,20180905,-1.5249,-1.5249,-1.5249,-1.5249,0
HHR,20180906,-1.5249,-1.5249,-1.5249,-1.5249,0
HHR,20180907,-1.5249,-1.5249,-1.5249,-1.5249,0
HHR,20180910,-1.5249,-1.5249,-1.5249,-1.5249,0
HHR,20180911,-1.5249,-1.5249,-1.5249,-1.5249,0
HHR,20180912,-1.5249,-1.5249,-1.5249,-1.5249,0
HHR,20180913,-1.5249,-1.5249,-1.5249,-1.5249,0
HHR,20180914,-1.5249,-1.5249,-1.5249,-1.5249,0
HHR,20180917,-1.5249,-1.5249,-1.5249,-1.5249,0
HHR,20180918,-1.5249,-1.5249,-1.5249,-1.5249,0
HHR,20180919,-1.5249,-1.5249,-1.5249,-1.5249,0
HHR,20180920,-1.5249,-1.5249,-1.5249,-1.5249,0
HHR,20180921,-1.5249,-1.5249,-1.5249,-1.5249,0
HHR,20180924,-1.5249,-1.5249,-1.5249,-1.5249,0
HHR,20180925,-1.5249,-1.5249,-1.5249,-1.5249,0
HHR,20180926,-1.5249,-1.5249,-1.5249,-1.5249,0
HHR,20180927,-1.5249,-1.5249,-1.5249,-1.5249,0
HHR,20180928,-1.5249,-1.5249,-1.5249,-1.5249,0
HHR,20181001,-1.5249,-1.5249,-1.5249,-1.5249,0
HHR,20181002,-1.5249,-1.5249,-1.5249,-1.5249,0
HHR,20181003,-1.5249,-1.5249,-1.5249,-1.5249,0
HHR,20181004,-1.5249,-1.5249,-1.5249,-1.5249,0
HHR,20181005,-1.5249,-1.5249,-1.5249,-1.5249,0
HHR,20181008,-0.9149,-0.9149,-0.9149,-0.9149,25000
HHR,20181009,-0.9149,-0.9149,-0.9149,-0.9149,0
HHR,20181010,-0.9149,-0.9149,-0.9149,-0.9149,0
HHR,20181011,-0.9149,-0.9149,-0.9149,-0.9149,0
HHR,20181012,-0.9149,-0.9149,-0.9149,-0.9149,0
HHR,20181015,-0.9149,-0.9149,-0.9149,-0.9149,0
HHR,20181016,-0.9149,-0.9149,-0.9149,-0.9149,0
HHR,20181017,-0.9149,-0.9149,-0.9149,-0.9149,0
HHR,20181018,-0.9149,-0.9149,-0.9149,-0.9149,0
HHR,20181019,-0.9149,-0.9149,-0.9149,-0.9149,0
HHR,20181022,-0.9149,-0.9149,-0.9149,-0.9149,0
HHR,20181023,-0.9149,-0.9149,-0.9149,-0.9149,0
HHR,20181024,-0.9149,-0.9149,-0.9149,-0.9149,0
HHR,20181025,-0.9149,-0.9149,-0.9149,-0.9149,0
HHR,20181026,-0.9149,-0.9149,-0.9149,-0.9149,0
HHR,20181029,-0.9149,-0.9149,-0.9149,-0.9149,0
HHR,20181030,-0.9149,-0.9149,-0.9149,-0.9149,0
HHR,20181031,-0.9149,-0.9149,-0.9149,-0.9149,0
HHR,20181101,-0.9149,-0.9149,-0.9149,-0.9149,0
HHR,20181102,-0.9149,-0.9149,-0.9149,-0.9149,0
HHR,20181105,-0.9149,-0.9149,-0.9149,-0.9149,0
HHR,20181106,-0.9149,-0.9149,-0.9149,-0.9149,0
HHR,20181107,-0.9149,-0.9149,-0.9149,-0.9149,0
HHR,20181108,-0.9149,-0.9149,-0.9149,-0.9149,0
HHR,20181109,-0.9149,-0.9149,-0.9149,-0.9149,0
HHR,20181112,-0.9149,-0.9149,-0.9149,-0.9149,0
HHR,20181113,-0.9149,-0.9149,-0.9149,-0.9149,0
HHR,20181114,-0.9149,-0.9149,-0.9149,-0.9149,0
HHR,20181115,-0.9149,-0.9149,-0.9149,-0.9149,0
HHR,20181116,-0.9149,-0.9149,-0.9149,-0.9149,0
HHR,20181119,-0.9149,-0.9149,-0.9149,-0.9149,0
HHR,20181120,-0.9149,-0.9149,-0.9149,-0.9149,0
HHR,20181121,-0.9149,-0.9149,-0.9149,-0.9149,0
HHR,20181122,-0.9149,-0.9149,-0.9149,-0.9149,0
HHR,20181123,-0.9149,-0.9149,-0.9149,-0.9149,0
HHR,20181126,-0.9149,-0.9149,-0.9149,-0.9149,0
HHR,20181127,-0.9149,-0.9149,-0.9149,-0.9149,0
HHR,20181128,-0.9149,-0.9149,-0.9149,-0.9149,0
HHR,20181129,-0.9149,-0.9149,-0.9149,-0.9149,0
HHR,20181130,-0.9149,-0.9149,-0.9149,-0.9149,0
HHR,20181203,-0.9149,-0.9149,-0.9149,-0.9149,0
HHR,20181204,-0.9149,-0.9149,-0.9149,-0.9149,0
HHR,20181205,-0.9149,-0.9149,-0.9149,-0.9149,0
HHR,20181206,-0.9149,-0.9149,-0.9149,-0.9149,0
HHR,20181207,-0.9149,-0.9149,-0.9149,-0.9149,0
HHR,20181210,-0.9149,-0.9149,-0.9149,-0.9149,0
HHR,20181211,-0.9149,-0.9149,-0.9149,-0.9149,0
HHR,20181212,-0.9149,-0.9149,-0.9149,-0.9149,0
HHR,20181213,-0.9149,-0.9149,-0.9149,-0.9149,0
HHR,20181214,-0.9149,-0.9149,-0.9149,-0.9149,0
HHR,20181217,-0.9149,-0.9149,-0.9149,-0.9149,0
HHR,20181218,-0.9149,-0.9149,-0.9149,-0.9149,0
HHR,20181219,-0.9149,-0.9149,-0.9149,-0.9149,0
HHR,20181220,-0.9149,-0.9149,-0.9149,-0.9149,0
HHR,20181221,-0.9149,-0.9149,-0.9149,-0.9149,0
HHR,20181224,-0.9149,-0.9149,-0.9149,-0.9149,0
HHR,20181225,-0.9149,-0.9149,-0.9149,-0.9149,0
HHR,20181226,-0.9149,-0.9149,-0.9149,-0.9149,0
HHR,20181227,-0.9149,-0.9149,-0.9149,-0.9149,0
HHR,20181228,-0.9149,-0.9149,-0.9149,-0.9149,0
HHR,20190102,-0.9149,-0.9149,-0.9149,-0.9149,0
HHR,20190103,-0.9149,-0.9149,-0.9149,-0.9149,0
HHR,20190104,-0.9149,-0.9149,-0.9149,-0.9149,0
HHR,20190107,-0.9149,-0.9149,-0.9149,-0.9149,0
HHR,20190108,-0.9149,-0.9149,-0.9149,-0.9149,0
HHR,20190109,-0.9149,-0.9149,-0.9149,-0.9149,0
HHR,20190110,-0.9149,-0.9149,-0.9149,-0.9149,0
HHR,20190111,-0.9149,-0.9149,-0.9149,-0.9149,0
HHR,20190114,-0.9149,-0.9149,-0.9149,-0.9149,0
HHR,20190115,-0.9149,-0.9149,-0.9149,-0.9149,0
HHR,20190116,-0.9149,-0.9149,-0.9149,-0.9149,0
HHR,20190117,-0.9149,-0.9149,-0.9149,-0.9149,0
HHR,20190118,-0.9149,-0.9149,-0.9149,-0.9149,0
HHR,20190121,-0.9149,-0.9149,-0.9149,-0.9149,0
HHR,20190122,-0.9149,-0.9149,-0.9149,-0.9149,0
HHR,20190123,-0.9149,-0.9149,-0.9149,-0.9149,0
HHR,20190124,-0.9149,-0.9149,-0.9149,-0.9149,0
HHR,20190125,-0.9149,-0.9149,-0.9149,-0.9149,0
HHR,20190128,-0.9149,-0.9149,-0.9149,-0.9149,0
HHR,20190129,-0.9149,-0.9149,-0.9149,-0.9149,0
HHR,20190130,-0.9149,-0.9149,-0.9149,-0.9149,0
HHR,20190131,-0.9149,-0.9149,-0.9149,-0.9149,0
HHR,20190201,-0.9149,-0.9149,-0.9149,-0.9149,0
HHR,20190211,-0.9149,-0.9149,-0.9149,-0.9149,0
HHR,20190212,-0.9149,-0.9149,-0.9149,-0.9149,0
HHR,20190213,-0.9149,-0.9149,-0.9149,-0.9149,0
HHR,20190214,-0.9149,-0.9149,-0.9149,-0.9149,0
HHR,20190215,-0.9149,-0.9149,-0.9149,-0.9149,0
HHR,20190218,-0.9149,-0.9149,-0.9149,-0.9149,0
HHR,20190219,-0.9149,-0.9149,-0.9149,-0.9149,0
HHR,20190220,-0.9149,-0.9149,-0.9149,-0.9149,0
HHR,20190221,-0.9149,-0.9149,-0.9149,-0.9149,0
HHR,20190222,-0.9149,-0.9149,-0.9149,-0.9149,0
HHR,20190225,-0.9149,-0.9149,-0.9149,-0.9149,0
HHR,20190226,-0.9149,-0.9149,-0.9149,-0.9149,0
HHR,20190227,-0.9149,-0.9149,-0.9149,-0.9149,0
HHR,20190228,-0.9149,-0.9149,-0.9149,-0.9149,0
HHR,20190301,-0.9149,-0.9149,-0.9149,-0.9149,0
HHR,20190304,-0.9149,-0.9149,-0.9149,-0.9149,0
HHR,20190305,-0.9149,-0.9149,-0.9149,-0.9149,0
HHR,20190306,-0.9149,-0.9149,-0.9149,-0.9149,0
HHR,20190307,-0.9149,-0.9149,-0.9149,-0.9149,0
HHR,20190308,-0.9149,-0.9149,-0.9149,-0.9149,0
HHR,20190311,-0.9149,-0.9149,-0.9149,-0.9149,0
HHR,20190312,-0.9149,-0.9149,-0.9149,-0.9149,0
HHR,20190313,-0.9149,-0.9149,-0.9149,-0.9149,0
HHR,20190314,-0.9149,-0.9149,-0.9149,-0.9149,0
HHR,20190315,-0.9149,-0.9149,-0.9149,-0.9149,0
HHR,20190318,-0.9149,-0.9149,-0.9149,-0.9149,0
HHR,20190319,-0.9149,-0.9149,-0.9149,-0.9149,0
HHR,20190320,-0.9149,-0.9149,-0.9149,-0.9149,0
HHR,20190321,-0.9149,-0.9149,-0.9149,-0.9149,0
HHR,20190322,-0.9149,-0.9149,-0.9149,-0.9149,0
HHR,20190325,-0.9149,-0.9149,-0.9149,-0.9149,0
HHR,20190326,-0.9149,-0.9149,-0.9149,-0.9149,0
HHR,20190327,-0.9149,-0.9149,-0.9149,-0.9149,0
HHR,20190328,-0.9149,-0.9149,-0.9149,-0.9149,0
HHR,20190329,-0.9149,-0.9149,-0.9149,-0.9149,0
HHR,20190401,-0.9149,-0.9149,-0.9149,-0.9149,0
HHR,20190402,-0.9149,-0.9149,-0.9149,-0.9149,0
HHR,20190403,-0.9149,-0.9149,-0.9149,-0.9149,0
HHR,20190404,-0.9149,-0.9149,-0.9149,-0.9149,0
HHR,20190405,-0.9149,-0.9149,-0.9149,-0.9149,0
HHR,20190408,-0.9149,-0.9149,-0.9149,-0.9149,0
HHR,20190409,-0.9149,-0.9149,-0.9149,-0.9149,0
HHR,20190410,-0.9149,-0.9149,-0.9149,-0.9149,0
HHR,20190411,-0.9149,-0.9149,-0.9149,-0.9149,0
HHR,20190412,-0.9149,-0.9149,-0.9149,-0.9149,0
HHR,20190416,-0.9149,-0.9149,-0.9149,-0.9149,0
HHR,20190417,-0.9149,-0.9149,-0.9149,-0.9149,0
HHR,20190418,-0.9149,-0.9149,-0.9149,-0.9149,0
HHR,20190419,-0.9149,-0.9149,-0.9149,-0.9149,0
HHR,20190422,-0.9149,-0.9149,-0.9149,-0.9149,0
HHR,20190423,-0.9149,-0.9149,-0.9149,-0.9149,0
HHR,20190424,-0.9149,-0.9149,-0.9149,-0.9149,0
HHR,20190425,-0.9149,-0.9149,-0.9149,-0.9149,0
HHR,20190426,-0.9149,-0.9149,-0.9149,-0.9149,0
HHR,20190502,-0.9149,-0.9149,-0.9149,-0.9149,0
HHR,20190503,-0.9149,-0.9149,-0.9149,-0.9149,0
HHR,20190506,-0.9129,-0.9129,-0.9129,-0.9129,0
HHR,20190507,-0.9129,-0.9129,-0.9129,-0.9129,0
HHR,20190508,-0.9129,-0.9129,-0.9129,-0.9129,0
HHR,20190509,-0.9129,-0.9129,-0.9129,-0.9129,0
HHR,20190510,-0.9129,-0.9129,-0.9129,-0.9129,0
HHR,20190513,-0.9129,-0.9129,-0.9129,-0.9129,0
HHR,20190514,-0.9129,-0.9129,-0.9129,-0.9129,0
HHR,20190515,-0.9129,-0.9129,-0.9129,-0.9129,0
HHR,20190516,-0.9129,-0.9129,-0.9129,-0.9129,0
HHR,20190517,-0.9129,-0.9129,-0.9129,-0.9129,0
HHR,20190520,-0.9129,-0.9129,-0.9129,-0.9129,0
HHR,20190521,-0.9129,-0.9129,-0.9129,-0.9129,0
HHR,20190522,-0.9129,-0.9129,-0.9129,-0.9129,0
HHR,20190523,-0.9129,-0.9129,-0.9129,-0.9129,0
HHR,20190524,-0.9129,-0.9129,-0.9129,-0.9129,0
HHR,20190527,-0.9129,-0.9129,-0.9129,-0.9129,0
HHR,20190528,-0.9129,-0.9129,-0.9129,-0.9129,0
HHR,20190529,-0.9129,-0.9129,-0.9129,-0.9129,0
HHR,20190530,-0.9129,-0.9129,-0.9129,-0.9129,0
HHR,20190531,-0.9129,-0.9129,-0.9129,-0.9129,0
HHR,20190603,-0.9129,-0.9129,-0.9129,-0.9129,0
HHR,20190604,-0.9129,-0.9129,-0.9129,-0.9129,0
HHR,20190605,-0.9129,-0.9129,-0.9129,-0.9129,0
HHR,20190606,-0.9129,-0.9129,-0.9129,-0.9129,0
HHR,20190607,-0.9129,-0.9129,-0.9129,-0.9129,0
HHR,20190610,-0.9129,-0.9129,-0.9129,-0.9129,0
HHR,20190611,-0.9129,-0.9129,-0.9129,-0.9129,0
HHR,20190612,-0.9129,-0.9129,-0.9129,-0.9129,0
HHR,20190613,-0.9129,-0.9129,-0.9129,-0.9129,0
HHR,20190614,-0.9129,-0.9129,-0.9129,-0.9129,0
HHR,20190617,-0.9129,-0.9129,-0.9129,-0.9129,0
HHR,20190618,-0.9129,-0.9129,-0.9129,-0.9129,0
HHR,20190619,-0.9129,-0.9129,-0.9129,-0.9129,0
HHR,20190620,-0.9129,-0.9129,-0.9129,-0.9129,0
HHR,20190621,-0.9129,-0.9129,-0.9129,-0.9129,0
HHR,20190624,-0.9129,-0.9129,-0.9129,-0.9129,0
HHR,20190625,-0.9129,-0.9129,-0.9129,-0.9129,0
HHR,20190626,-0.9129,-0.9129,-0.9129,-0.9129,0
HHR,20190627,-0.9129,-0.9129,-0.9129,-0.9129,0
HHR,20190628,-0.9129,-0.9129,-0.9129,-0.9129,0
HHR,20190701,-0.9129,-0.9129,-0.9129,-0.9129,0
HHR,20190702,-0.9129,-0.9129,-0.9129,-0.9129,0
HHR,20190703,-0.9129,-0.9129,-0.9129,-0.9129,0
HHR,20190704,-0.9129,-0.9129,-0.9129,-0.9129,0
HHR,20190705,-0.9129,-0.9129,-0.9129,-0.9129,0
HHR,20190708,-0.9129,-0.9129,-0.9129,-0.9129,0
HHR,20190709,-0.9129,-0.9129,-0.9129,-0.9129,0
HHR,20190710,-0.9129,-0.9129,-0.9129,-0.9129,0
HHR,20190711,-0.9129,-0.9129,-0.9129,-0.9129,0
HHR,20190712,-0.9129,-0.9129,-0.9129,-0.9129,0
HHR,20190715,-0.9129,-0.9129,-0.9129,-0.9129,0
HHR,20190716,-0.9129,-0.9129,-0.9129,-0.9129,0
HHR,20190717,-0.9129,-0.9129,-0.9129,-0.9129,0
HHR,20190718,-0.9129,-0.9129,-0.9129,-0.9129,0
HHR,20190719,-0.9129,-0.9129,-0.9129,-0.9129,0
HHR,20190722,-0.9129,-0.9129,-0.9129,-0.9129,0
HHR,20190723,-0.9129,-0.9129,-0.9129,-0.9129,0
HHR,20190724,-0.9129,-0.9129,-0.9129,-0.9129,0
HHR,20190725,-0.9129,-0.9129,-0.9129,-0.9129,0
HHR,20190726,-0.9129,-0.9129,-0.9129,-0.9129,0
HHR,20190729,-0.9129,-0.9129,-0.9129,-0.9129,0
HHR,20190730,-0.9129,-0.9129,-0.9129,-0.9129,0
HHR,20190731,-0.9129,-0.9129,-0.9129,-0.9129,0
HHR,20190801,-0.9129,-0.9129,-0.9129,-0.9129,0
HHR,20190802,-0.9129,-0.9129,-0.9129,-0.9129,0
HHR,20190805,-0.9129,-0.9129,-0.9129,-0.9129,0
HHR,20190806,-0.9129,-0.9129,-0.9129,-0.9129,0
HHR,20190807,-0.9129,-0.9129,-0.9129,-0.9129,0
HHR,20190808,-0.9129,-0.9129,-0.9129,-0.9129,0
HHR,20190809,-0.9129,-0.9129,-0.9129,-0.9129,0
HHR,20190812,-0.9129,-0.9129,-0.9129,-0.9129,0
HHR,20190813,-0.9129,-0.9129,-0.9129,-0.9129,0
HHR,20190814,-0.9129,-0.9129,-0.9129,-0.9129,0
HHR,20190815,-0.9129,-0.9129,-0.9129,-0.9129,0
HHR,20190816,-0.9129,-0.9129,-0.9129,-0.9129,0
HHR,20190819,-0.9129,-0.9129,-0.9129,-0.9129,0
HHR,20190820,-0.9129,-0.9129,-0.9129,-0.9129,0
HHR,20190821,-0.9129,-0.9129,-0.9129,-0.9129,0
HHR,20190822,-0.9129,-0.9129,-0.9129,-0.9129,0
HHR,20190823,-0.9129,-0.9129,-0.9129,-0.9129,0
HHR,20190826,-0.9129,-0.9129,-0.9129,-0.9129,0
HHR,20190827,-0.9129,-0.9129,-0.9129,-0.9129,0
HHR,20190828,-0.9129,-0.9129,-0.9129,-0.9129,0
HHR,20190829,-0.9129,-0.9129,-0.9129,-0.9129,0
HHR,20190830,-0.9129,-0.9129,-0.9129,-0.9129,0
HHR,20190903,-0.9129,-0.9129,-0.9129,-0.9129,0
HHR,20190904,-0.9129,-0.9129,-0.9129,-0.9129,0
HHR,20190905,-0.9129,-0.9129,-0.9129,-0.9129,0
HHR,20190906,-0.9129,-0.9129,-0.9129,-0.9129,0
HHR,20190909,-0.9129,-0.9129,-0.9129,-0.9129,0
HHR,20190910,-0.9129,-0.9129,-0.9129,-0.9129,0
HHR,20190911,-0.9129,-0.9129,-0.9129,-0.9129,0
HHR,20190912,-0.9129,-0.9129,-0.9129,-0.9129,0
HHR,20190913,-0.9129,-0.9129,-0.9129,-0.9129,0
HHR,20190916,-0.9129,-0.9129,-0.9129,-0.9129,0
HHR,20190917,-0.9129,-0.9129,-0.9129,-0.9129,0
HHR,20190918,-0.9129,-0.9129,-0.9129,-0.9129,0
HHR,20190919,-0.9129,-0.9129,-0.9129,-0.9129,0
HHR,20190920,-0.9129,-0.9129,-0.9129,-0.9129,0
HHR,20190923,-0.9129,-0.9129,-0.9129,-0.9129,0
HHR,20190924,-0.9129,-0.9129,-0.9129,-0.9129,0
HHR,20190925,-0.9129,-0.9129,-0.9129,-0.9129,0
HHR,20190926,-0.9129,-0.9129,-0.9129,-0.9129,0
HHR,20190927,-0.9129,-0.9129,-0.9129,-0.9129,0
HHR,20190930,-0.9129,-0.9129,-0.9129,-0.9129,0
HHR,20191001,-0.9129,-0.9129,-0.9129,-0.9129,0
HHR,20191002,-0.9129,-0.9129,-0.9129,-0.9129,0
HHR,20191003,-0.9129,-0.9129,-0.9129,-0.9129,0
HHR,20191004,-0.9129,-0.9129,-0.9129,-0.9129,0
HHR,20191007,-0.9129,-0.9129,-0.9129,-0.9129,0
HHR,20191008,-0.9129,-0.9129,-0.9129,-0.9129,0
HHR,20191009,-0.9129,-0.9129,-0.9129,-0.9129,0
HHR,20191010,-0.9129,-0.9129,-0.9129,-0.9129,0
HHR,20191011,-0.9129,-0.9129,-0.9129,-0.9129,0
HHR,20191014,-0.9129,-0.9129,-0.9129,-0.9129,0
HHR,20191015,-0.9129,-0.9129,-0.9129,-0.9129,0
HHR,20191016,-0.9129,-0.9129,-0.9129,-0.9129,0
HHR,20191017,-0.9129,-0.9129,-0.9129,-0.9129,0
HHR,20191018,-0.9129,-0.9129,-0.9129,-0.9129,0
HHR,20191021,-0.9129,-0.9129,-0.9129,-0.9129,0
HHR,20191022,-0.9129,-0.9129,-0.9129,-0.9129,0
HHR,20191023,-0.9129,-0.9129,-0.9129,-0.9129,0
HHR,20191024,-0.9129,-0.9129,-0.9129,-0.9129,0
HHR,20191025,-0.9129,-0.9129,-0.9129,-0.9129,0
HHR,20191028,-0.9129,-0.9129,-0.9129,-0.9129,0
HHR,20191029,-0.9129,-0.9129,-0.9129,-0.9129,0
HHR,20191030,-0.9129,-0.9129,-0.9129,-0.9129,0
HHR,20191031,-0.9129,-0.9129,-0.9129,-0.9129,0
HHR,20191101,-0.9129,-0.9129,-0.9129,-0.9129,0
HHR,20191104,-0.9129,-0.9129,-0.9129,-0.9129,0
HHR,20191105,-0.9129,-0.9129,-0.9129,-0.9129,0
HHR,20191106,-0.9129,-0.9129,-0.9129,-0.9129,0
HHR,20191107,-0.9129,-0.9129,-0.9129,-0.9129,0
HHR,20191108,-0.9129,-0.9129,-0.9129,-0.9129,0
HHR,20191111,-0.9129,-0.9129,-0.9129,-0.9129,0
HHR,20191112,-0.9129,-0.9129,-0.9129,-0.9129,0
HHR,20191113,-0.9129,-0.9129,-0.9129,-0.9129,0
HHR,20191114,-0.9129,-0.9129,-0.9129,-0.9129,0
HHR,20191115,-0.9129,-0.9129,-0.9129,-0.9129,0
HHR,20191118,-0.9129,-0.9129,-0.9129,-0.9129,0
HHR,20191119,-0.9129,-0.9129,-0.9129,-0.9129,0
HHR,20191120,-0.9129,-0.9129,-0.9129,-0.9129,0
HHR,20191121,-0.9129,-0.9129,-0.9129,-0.9129,0
HHR,20191122,-0.9129,-0.9129,-0.9129,-0.9129,0
HHR,20191125,-0.9129,-0.9129,-0.9129,-0.9129,0
HHR,20191126,-0.9129,-0.9129,-0.9129,-0.9129,0
HHR,20191127,-0.9129,-0.9129,-0.9129,-0.9129,0
HHR,20191128,-0.9129,-0.9129,-0.9129,-0.9129,0
HHR,20191129,-0.9129,-0.9129,-0.9129,-0.9129,0
HHR,20191202,-0.9129,-0.9129,-0.9129,-0.9129,0
HHR,20191203,-0.9129,-0.9129,-0.9129,-0.9129,0
HHR,20191204,-0.9129,-0.9129,-0.9129,-0.9129,0
HHR,20191205,-0.9129,-0.9129,-0.9129,-0.9129,0
HHR,20191206,-0.9129,-0.9129,-0.9129,-0.9129,0
HHR,20191209,-0.9129,-0.9129,-0.9129,-0.9129,0
HHR,20191210,-0.9129,-0.9129,-0.9129,-0.9129,0
HHR,20191211,-0.9129,-0.9129,-0.9129,-0.9129,0
HHR,20191212,-0.9129,-0.9129,-0.9129,-0.9129,0
HHR,20191213,-0.9129,-0.9129,-0.9129,-0.9129,0
HHR,20191216,-0.9129,-0.9129,-0.9129,-0.9129,0
HHR,20191217,-0.9129,-0.9129,-0.9129,-0.9129,0
HHR,20191218,-0.9129,-0.9129,-0.9129,-0.9129,0
HHR,20191219,-0.9129,-0.9129,-0.9129,-0.9129,0
HHR,20191220,-0.9129,-0.9129,-0.9129,-0.9129,0
HHR,20191223,-0.9129,-0.9129,-0.9129,-0.9129,0
HHR,20191224,-0.9129,-0.9129,-0.9129,-0.9129,0
HHR,20191225,-0.9129,-0.9129,-0.9129,-0.9129,0
HHR,20191226,-0.9129,-0.9129,-0.9129,-0.9129,0
HHR,20191227,-0.9129,-0.9129,-0.9129,-0.9129,0
HHR,20191230,-0.9129,-0.9129,-0.9129,-0.9129,0
HHR,20191231,-0.9129,-0.9129,-0.9129,-0.9129,0
HHR,20200102,-0.9129,-0.9129,-0.9129,-0.9129,0
HHR,20200103,-0.9129,-0.9129,-0.9129,-0.9129,0
HHR,20200106,-0.9129,-0.9129,-0.9129,-0.9129,0
HHR,20200107,-0.9129,-0.9129,-0.9129,-0.9129,0
HHR,20200108,-0.9129,-0.9129,-0.9129,-0.9129,0
HHR,20200109,-0.9129,-0.9129,-0.9129,-0.9129,0
HHR,20200110,-0.9129,-0.9129,-0.9129,-0.9129,0
HHR,20200113,-0.9129,-0.9129,-0.9129,-0.9129,0
HHR,20200114,-0.9129,-0.9129,-0.9129,-0.9129,0
HHR,20200115,-0.9129,-0.9129,-0.9129,-0.9129,0
HHR,20200116,-0.9129,-0.9129,-0.9129,-0.9129,0
HHR,20200117,-0.9129,-0.9129,-0.9129,-0.9129,0
HHR,20200120,-0.9129,-0.9129,-0.9129,-0.9129,0
HHR,20200121,-0.9129,-0.9129,-0.9129,-0.9129,0
HHR,20200122,-0.9129,-0.9129,-0.9129,-0.9129,0
HHR,20200130,-0.9129,-0.9129,-0.9129,-0.9129,0
HHR,20200131,-0.9129,-0.9129,-0.9129,-0.9129,0
HHR,20200203,-0.9129,-0.9129,-0.9129,-0.9129,0
HHR,20200204,-0.9129,-0.9129,-0.9129,-0.9129,0
HHR,20200205,-0.9129,-0.9129,-0.9129,-0.9129,0
HHR,20200206,-0.9129,-0.9129,-0.9129,-0.9129,0
HHR,20200207,-0.9129,-0.9129,-0.9129,-0.9129,0
HHR,20200210,-0.9129,-0.9129,-0.9129,-0.9129,0
HHR,20200211,-0.9129,-0.9129,-0.9129,-0.9129,0
HHR,20200212,-0.9129,-0.9129,-0.9129,-0.9129,0
HHR,20200213,-0.9129,-0.9129,-0.9129,-0.9129,0
HHR,20200214,-0.9129,-0.9129,-0.9129,-0.9129,0
HHR,20200217,-0.9129,-0.9129,-0.9129,-0.9129,0
HHR,20200218,-0.9129,-0.9129,-0.9129,-0.9129,0
HHR,20200219,-0.9129,-0.9129,-0.9129,-0.9129,0
HHR,20200220,-0.9129,-0.9129,-0.9129,-0.9129,0
HHR,20200221,-0.9129,-0.9129,-0.9129,-0.9129,0
HHR,20200224,-0.9129,-0.9129,-0.9129,-0.9129,0
HHR,20200225,-0.9129,-0.9129,-0.9129,-0.9129,0
HHR,20200226,-0.9129,-0.9129,-0.9129,-0.9129,0
HHR,20200227,-0.9129,-0.9129,-0.9129,-0.9129,0
HHR,20200228,-0.9129,-0.9129,-0.9129,-0.9129,0
HHR,20200302,-0.9129,-0.9129,-0.9129,-0.9129,0
HHR,20200303,-0.9129,-0.9129,-0.9129,-0.9129,0
HHR,20200304,-0.9129,-0.9129,-0.9129,-0.9129,0
HHR,20200305,-0.6086,-0.6086,-0.6086,-0.6086,1600
HHR,20200306,-0.6086,-0.6086,-0.6086,-0.6086,0
HHR,20200309,-0.6086,-0.6086,-0.6086,-0.6086,0
HHR,20200310,-0.6086,-0.6086,-0.6086,-0.6086,0
HHR,20200311,-0.6086,-0.6086,-0.6086,-0.6086,0
HHR,20200312,-0.6086,-0.6086,-0.6086,-0.6086,0
HHR,20200313,-0.6086,-0.6086,-0.6086,-0.6086,0
HHR,20200316,-0.6086,-0.6086,-0.6086,-0.6086,0
HHR,20200317,-0.6086,-0.6086,-0.6086,-0.6086,0
HHR,20200318,-0.6086,-0.6086,-0.6086,-0.6086,0
HHR,20200319,-0.6086,-0.6086,-0.6086,-0.6086,0
HHR,20200320,-0.6086,-0.6086,-0.6086,-0.6086,0
HHR,20200323,-0.6086,-0.6086,-0.6086,-0.6086,0
HHR,20200324,-0.6086,-0.6086,-0.6086,-0.6086,0
HHR,20200325,-0.6086,-0.6086,-0.6086,-0.6086,0
HHR,20200326,-0.6086,-0.6086,-0.6086,-0.6086,0
HHR,20200327,-0.6086,-0.6086,-0.6086,-0.6086,0
HHR,20200330,-0.6086,-0.6086,-0.6086,-0.6086,0
HHR,20200331,-0.6086,-0.6086,-0.6086,-0.6086,0
HHR,20200401,-0.6086,-0.6086,-0.6086,-0.6086,0
HHR,20200403,-0.6086,-0.6086,-0.6086,-0.6086,0
HHR,20200406,-0.6086,-0.6086,-0.6086,-0.6086,0
HHR,20200407,-0.6086,-0.6086,-0.6086,-0.6086,0
HHR,20200408,-0.6086,-0.6086,-0.6086,-0.6086,0
HHR,20200409,-0.6086,-0.6086,-0.6086,-0.6086,0
HHR,20200410,-0.6086,-0.6086,-0.6086,-0.6086,0
HHR,20200413,-0.6086,-0.6086,-0.6086,-0.6086,0
HHR,20200414,-0.6086,-0.6086,-0.6086,-0.6086,0
HHR,20200415,-0.6086,-0.6086,-0.6086,-0.6086,0
HHR,20200416,-0.6086,-0.6086,-0.6086,-0.6086,0
HHR,20200417,-0.6086,-0.6086,-0.6086,-0.6086,0
HHR,20200420,-0.6086,-0.6086,-0.6086,-0.6086,0
HHR,20200421,-0.6086,-0.6086,-0.6086,-0.6086,0
HHR,20200422,-0.6086,-0.6086,-0.6086,-0.6086,0
HHR,20200423,-0.6086,-0.6086,-0.6086,-0.6086,0
HHR,20200424,-0.6086,-0.6086,-0.6086,-0.6086,0
HHR,20200427,-0.6086,-0.6086,-0.6086,-0.6086,0
HHR,20200428,-0.6086,-0.6086,-0.6086,-0.6086,0
HHR,20200429,-0.6086,-0.6086,-0.6086,-0.6086,0
HHR,20200504,-0.6086,-0.6086,-0.6086,-0.6086,0
HHR,20200505,-0.6086,-0.6086,-0.6086,-0.6086,0
HHR,20200506,-0.6086,-0.6086,-0.6086,-0.6086,0
HHR,20200507,-0.6086,-0.6086,-0.6086,-0.6086,0
HHR,20200508,-0.6086,-0.6086,-0.6086,-0.6086,0
HHR,20200511,-0.6086,-0.6086,-0.6086,-0.6086,0
HHR,20200512,-0.6086,-0.6086,-0.6086,-0.6086,0
HHR,20200513,-0.6086,-0.6086,-0.6086,-0.6086,0
HHR,20200514,-0.6086,-0.6086,-0.6086,-0.6086,0
HHR,20200515,-0.6086,-0.6086,-0.6086,-0.6086,0
HHR,20200518,-0.6086,-0.6086,-0.6086,-0.6086,0
HHR,20200519,-0.6086,-0.6086,-0.6086,-0.6086,0
HHR,20200520,-0.6086,-0.6086,-0.6086,-0.6086,0
HHR,20200521,-0.6086,-0.6086,-0.6086,-0.6086,0
HHR,20200522,-0.6086,-0.6086,-0.6086,-0.6086,0
HHR,20200525,-0.6086,-0.6086,-0.6086,-0.6086,0
HHR,20200526,-0.6086,-0.6086,-0.6086,-0.6086,0
HHR,20200527,-0.6086,-0.6086,-0.6086,-0.6086,0
HHR,20200528,-0.6086,-0.6086,-0.6086,-0.6086,0
HHR,20200529,-0.6086,-0.6086,-0.6086,-0.6086,0
HHR,20200601,-0.5937,-0.5937,-0.5937,-0.5937,0
HHR,20200602,-0.5937,-0.5937,-0.5937,-0.5937,0
HHR,20200603,-0.5937,-0.5937,-0.5937,-0.5937,0
HHR,20200604,-0.5937,-0.5937,-0.5937,-0.5937,0
HHR,20200605,-0.5937,-0.5937,-0.5937,-0.5937,0
HHR,20200608,-0.5937,-0.5937,-0.5937,-0.5937,0
HHR,20200609,-0.5937,-0.5937,-0.5937,-0.5937,0
HHR,20200610,-0.5937,-0.5937,-0.5937,-0.5937,0
HHR,20200611,-0.5937,-0.5937,-0.5937,-0.5937,0
HHR,20200612,-0.5937,-0.5937,-0.5937,-0.5937,0
HHR,20200615,-0.5937,-0.5937,-0.5937,-0.5937,0
HHR,20200616,-0.5937,-0.5937,-0.5937,-0.5937,0
HHR,20200617,-0.5937,-0.5937,-0.5937,-0.5937,0
HHR,20200618,-0.5937,-0.5937,-0.5937,-0.5937,0
HHR,20200619,-0.5937,-0.5937,-0.5937,-0.5937,0
HHR,20200622,-0.5937,-0.5937,-0.5937,-0.5937,0
HHR,20200623,-0.5937,-0.5937,-0.5937,-0.5937,0
HHR,20200624,-0.5937,-0.5937,-0.5937,-0.5937,0
HHR,20200625,-0.5937,-0.5937,-0.5937,-0.5937,0
HHR,20200626,-0.5937,-0.5937,-0.5937,-0.5937,0
HHR,20200629,-0.5937,-0.5937,-0.5937,-0.5937,0
HHR,20200630,-0.5937,-0.5937,-0.5937,-0.5937,0
HHR,20200701,-0.5937,-0.5937,-0.5937,-0.5937,0
HHR,20200702,-0.5937,-0.5937,-0.5937,-0.5937,0
HHR,20200703,-0.5937,-0.5937,-0.5937,-0.5937,0
HHR,20200706,-0.5937,-0.5937,-0.5937,-0.5937,0
HHR,20200707,-0.5937,-0.5937,-0.5937,-0.5937,0
HHR,20200708,-0.5937,-0.5937,-0.5937,-0.5937,0
HHR,20200709,-0.5937,-0.5937,-0.5937,-0.5937,0
HHR,20200710,-0.5937,-0.5937,-0.5937,-0.5937,0
HHR,20200713,-0.5937,-0.5937,-0.5937,-0.5937,0
HHR,20200714,-0.5937,-0.5937,-0.5937,-0.5937,0
HHR,20200715,-0.5937,-0.5937,-0.5937,-0.5937,0
HHR,20200716,-0.5937,-0.5937,-0.5937,-0.5937,0
HHR,20200717,-0.5937,-0.5937,-0.5937,-0.5937,0
HHR,20200720,-0.5937,-0.5937,-0.5937,-0.5937,0
HHR,20200721,-0.5937,-0.5937,-0.5937,-0.5937,0
HHR,20200722,-0.5937,-0.5937,-0.5937,-0.5937,0
HHR,20200723,-0.5937,-0.5937,-0.5937,-0.5937,0
HHR,20200724,-0.5937,-0.5937,-0.5937,-0.5937,0
HHR,20200727,-0.5937,-0.5937,-0.5937,-0.5937,0
HHR,20200728,-0.5937,-0.5937,-0.5937,-0.5937,0
HHR,20200729,-0.5937,-0.5937,-0.5937,-0.5937,0
HHR,20200730,-0.5937,-0.5937,-0.5937,-0.5937,0
HHR,20200731,-0.5937,-0.5937,-0.5937,-0.5937,0
HHR,20200803,-0.5937,-0.5937,-0.5937,-0.5937,0
HHR,20200804,-0.5937,-0.5937,-0.5937,-0.5937,0
HHR,20200805,-0.5937,-0.5937,-0.5937,-0.5937,0
HHR,20200806,-0.5937,-0.5937,-0.5937,-0.5937,0
HHR,20200807,-0.5937,-0.5937,-0.5937,-0.5937,0
HHR,20200810,-0.5937,-0.5937,-0.5937,-0.5937,0
HHR,20200811,-0.5937,-0.5937,-0.5937,-0.5937,0
HHR,20200812,-0.5937,-0.5937,-0.5937,-0.5937,0
HHR,20200813,-0.5937,-0.5937,-0.5937,-0.5937,0
HHR,20200814,-0.5937,-0.5937,-0.5937,-0.5937,0
HHR,20200817,-0.5937,-0.5937,-0.5937,-0.5937,0
HHR,20200818,-0.5937,-0.5937,-0.5937,-0.5937,0
HHR,20200819,-0.5937,-0.5937,-0.5937,-0.5937,0
HHR,20200820,-0.5937,-0.5937,-0.5937,-0.5937,0
HHR,20200821,-0.5937,-0.5937,-0.5937,-0.5937,0
HHR,20200824,-0.5937,-0.5937,-0.5937,-0.5937,0
HHR,20200825,-0.5937,-0.5937,-0.5937,-0.5937,0
HHR,20200826,-0.5937,-0.5937,-0.5937,-0.5937,0
HHR,20200827,-0.5937,-0.5937,-0.5937,-0.5937,0
HHR,20200828,-0.5937,-0.5937,-0.5937,-0.5937,0
HHR,20200831,-0.5937,-0.5937,-0.5937,-0.5937,0
HHR,20200901,-0.5937,-0.5937,-0.5937,-0.5937,0
HHR,20200903,-0.5937,-0.5937,-0.5937,-0.5937,0
HHR,20200904,-0.5937,-0.5937,-0.5937,-0.5937,0
HHR,20200907,-0.5937,-0.5937,-0.5937,-0.5937,0
HHR,20200908,-0.5937,-0.5937,-0.5937,-0.5937,0
HHR,20200909,-0.5937,-0.5937,-0.5937,-0.5937,0
HHR,20200910,-0.5937,-0.5937,-0.5937,-0.5937,0
HHR,20200911,-0.5937,-0.5937,-0.5937,-0.5937,0
HHR,20200914,-0.5937,-0.5937,-0.5937,-0.5937,0
HHR,20200915,-0.5937,-0.5937,-0.5937,-0.5937,0
HHR,20200916,-0.5937,-0.5937,-0.5937,-0.5937,0
HHR,20200917,-0.5937,-0.5937,-0.5937,-0.5937,0
HHR,20200918,-0.5937,-0.5937,-0.5937,-0.5937,0
HHR,20200921,-0.5937,-0.5937,-0.5937,-0.5937,0
HHR,20200922,-0.5937,-0.5937,-0.5937,-0.5937,0
HHR,20200923,-0.5937,-0.5937,-0.5937,-0.5937,0
HHR,20200924,-0.5937,-0.5937,-0.5937,-0.5937,0
HHR,20200925,-0.5937,-0.5937,-0.5937,-0.5937,0
HHR,20200928,-0.5937,-0.5937,-0.5937,-0.5937,0
HHR,20200929,-0.5937,-0.5937,-0.5937,-0.5937,0
HHR,20200930,-0.5937,-0.5937,-0.5937,-0.5937,0
HHR,20201001,-0.5937,-0.5937,-0.5937,-0.5937,0
HHR,20201002,-0.5937,-0.5937,-0.5937,-0.5937,0
HHR,20201005,-0.5937,-0.5937,-0.5937,-0.5937,0
HHR,20201006,-0.5937,-0.5937,-0.5937,-0.5937,0
HHR,20201007,-0.5937,-0.5937,-0.5937,-0.5937,0
HHR,20201008,-0.5937,-0.5937,-0.5937,-0.5937,0
HHR,20201009,-0.5937,-0.5937,-0.5937,-0.5937,0
HHR,20201012,-0.5937,-0.5937,-0.5937,-0.5937,0
HHR,20201013,-0.5937,-0.5937,-0.5937,-0.5937,0
HHR,20201014,-0.5937,-0.5937,-0.5937,-0.5937,0
HHR,20201015,-0.5937,-0.5937,-0.5937,-0.5937,0
HHR,20201016,-0.5937,-0.5937,-0.5937,-0.5937,0
HHR,20201019,-0.5937,-0.5937,-0.5937,-0.5937,0
HHR,20201020,-0.5937,-0.5937,-0.5937,-0.5937,0
HHR,20201021,-0.5937,-0.5937,-0.5937,-0.5937,0
HHR,20201022,-0.5937,-0.5937,-0.5937,-0.5937,0
HHR,20201023,-0.5937,-0.5937,-0.5937,-0.5937,0
HHR,20201026,-0.5937,-0.5937,-0.5937,-0.5937,0
HHR,20201027,-0.5937,-0.5937,-0.5937,-0.5937,0
HHR,20201028,-0.5937,-0.5937,-0.5937,-0.5937,0
HHR,20201029,-0.5937,-0.5937,-0.5937,-0.5937,0
HHR,20201030,-0.5937,-0.5937,-0.5937,-0.5937,0
HHR,20201102,-0.5937,-0.5937,-0.5937,-0.5937,0
HHR,20201103,-0.5937,-0.5937,-0.5937,-0.5937,0
HHR,20201104,-0.5937,-0.5937,-0.5937,-0.5937,0
HHR,20201105,-0.5937,-0.5937,-0.5937,-0.5937,0
HHR,20201106,-0.5937,-0.5937,-0.5937,-0.5937,0
HHR,20201109,-0.5937,-0.5937,-0.5937,-0.5937,0
HHR,20201110,-0.5937,-0.5937,-0.5937,-0.5937,0
HHR,20201111,-0.5937,-0.5937,-0.5937,-0.5937,0
HHR,20201112,-0.5937,-0.5937,-0.5937,-0.5937,0
HHR,20201113,-0.5937,-0.5937,-0.5937,-0.5937,0
HHR,20201116,-0.5937,-0.5937,-0.5937,-0.5937,0
HHR,20201117,-0.5937,-0.5937,-0.5937,-0.5937,0
HHR,20201118,-0.5937,-0.5937,-0.5937,-0.5937,0
HHR,20201119,-0.5937,-0.5937,-0.5937,-0.5937,0
HHR,20201120,-0.5937,-0.5937,-0.5937,-0.5937,0
HHR,20201123,-0.5937,-0.5937,-0.5937,-0.5937,0
HHR,20201124,-0.5937,-0.5937,-0.5937,-0.5937,0
HHR,20201125,-0.5937,-0.5937,-0.5937,-0.5937,0
HHR,20201126,-0.5937,-0.5937,-0.5937,-0.5937,0
HHR,20201127,-0.5937,-0.5937,-0.5937,-0.5937,0
HHR,20201130,-0.5937,-0.5937,-0.5937,-0.5937,0
HHR,20201201,-0.5937,-0.5937,-0.5937,-0.5937,0
HHR,20201202,-0.5937,-0.5937,-0.5937,-0.5937,0
HHR,20201203,-0.5937,-0.5937,-0.5937,-0.5937,0
HHR,20201204,-0.5937,-0.5937,-0.5937,-0.5937,0
HHR,20201207,-0.5937,-0.5937,-0.5937,-0.5937,0
HHR,20201208,-0.5937,-0.5937,-0.5937,-0.5937,0
HHR,20201209,-0.5937,-0.5937,-0.5937,-0.5937,0
HHR,20201210,-0.5937,-0.5937,-0.5937,-0.5937,0
HHR,20201211,-0.5937,-0.5937,-0.5937,-0.5937,0
HHR,20201214,-0.5937,-0.5937,-0.5937,-0.5937,0
HHR,20201215,-0.5937,-0.5937,-0.5937,-0.5937,0
HHR,20201216,-0.5937,-0.5937,-0.5937,-0.5937,0
HHR,20201217,-0.5937,-0.5937,-0.5937,-0.5937,0
HHR,20201218,-0.5937,-0.5937,-0.5937,-0.5937,0
HHR,20201221,-0.5937,-0.5937,-0.5937,-0.5937,0
HHR,20201222,-0.5937,-0.5937,-0.5937,-0.5937,0
HHR,20201223,-0.5937,-0.5937,-0.5937,-0.5937,0
HHR,20201224,-0.5937,-0.5937,-0.5937,-0.5937,0
HHR,20201225,-0.5937,-0.5937,-0.5937,-0.5937,0
HHR,20201228,-0.5937,-0.5937,-0.5937,-0.5937,0
HHR,20201229,-0.5937,-0.5937,-0.5937,-0.5937,0
HHR,20201230,-0.5937,-0.5937,-0.5937,-0.5937,0
HHR,20201231,-0.5937,-0.5937,-0.5937,-0.5937,0
HHR,20210104,-0.5937,-0.5937,-0.5937,-0.5937,0
HHR,20210105,-0.5937,-0.5937,-0.5937,-0.5937,0
HHR,20210106,-0.5937,-0.5937,-0.5937,-0.5937,0
HHR,20210107,-0.5937,-0.5937,-0.5937,-0.5937,0
HHR,20210108,-0.5937,-0.5937,-0.5937,-0.5937,0
HHR,20210111,-0.5937,-0.5937,-0.5937,-0.5937,0
HHR,20210112,-0.5937,-0.5937,-0.5937,-0.5937,0
HHR,20210113,-0.5937,-0.5937,-0.5937,-0.5937,0
HHR,20210114,-0.5937,-0.5937,-0.5937,-0.5937,0
HHR,20210115,-0.5937,-0.5937,-0.5937,-0.5937,0
HHR,20210118,-0.5937,-0.5937,-0.5937,-0.5937,0
HHR,20210119,-0.5937,-0.5937,-0.5937,-0.5937,0
HHR,20210120,-0.5937,-0.5937,-0.5937,-0.5937,0
HHR,20210121,-0.5937,-0.5937,-0.5937,-0.5937,0
HHR,20210122,-0.5937,-0.5937,-0.5937,-0.5937,0
HHR,20210125,-0.5937,-0.5937,-0.5937,-0.5937,0
HHR,20210126,-0.5937,-0.5937,-0.5937,-0.5937,0
HHR,20210127,-0.5937,-0.5937,-0.5937,-0.5937,0
HHR,20210128,-0.5937,-0.5937,-0.5937,-0.5937,0
HHR,20210129,-0.5937,-0.5937,-0.5937,-0.5937,0
HHR,20210201,-0.5937,-0.5937,-0.5937,-0.5937,0
HHR,20210202,-0.5937,-0.5937,-0.5937,-0.5937,0
HHR,20210203,-0.5937,-0.5937,-0.5937,-0.5937,0
HHR,20210204,-0.5937,-0.5937,-0.5937,-0.5937,0
HHR,20210205,-0.5937,-0.5937,-0.5937,-0.5937,0
HHR,20210208,-0.5937,-0.5937,-0.5937,-0.5937,0
HHR,20210209,-0.5937,-0.5937,-0.5937,-0.5937,0
HHR,20210217,-0.5937,-0.5937,-0.5937,-0.5937,0
HHR,20210218,-0.5937,-0.5937,-0.5937,-0.5937,0
HHR,20210219,-0.5937,-0.5937,-0.5937,-0.5937,0
HHR,20210222,-0.5937,-0.5937,-0.5937,-0.5937,0
HHR,20210223,-0.5937,-0.5937,-0.5937,-0.5937,0
HHR,20210224,-0.5937,-0.5937,-0.5937,-0.5937,0
HHR,20210225,-0.5937,-0.5937,-0.5937,-0.5937,0
HHR,20210226,-0.5937,-0.5937,-0.5937,-0.5937,0
HHR,20210301,-0.5937,-0.5937,-0.5937,-0.5937,0
HHR,20210302,-0.5937,-0.5937,-0.5937,-0.5937,0
HHR,20210303,-0.5937,-0.5937,-0.5937,-0.5937,0
HHR,20210304,-0.5937,-0.5937,-0.5937,-0.5937,0
HHR,20210305,-0.5937,-0.5937,-0.5937,-0.5937,0
HHR,20210308,-0.5937,-0.5937,-0.5937,-0.5937,0
HHR,20210309,-0.5937,-0.5937,-0.5937,-0.5937,0
HHR,20210310,-0.5937,-0.5937,-0.5937,-0.5937,0
HHR,20210311,-0.5937,-0.5937,-0.5937,-0.5937,0
HHR,20210312,-0.5937,-0.5937,-0.5937,-0.5937,0
HHR,20210315,-0.5937,-0.5937,-0.5937,-0.5937,0
HHR,20210316,-0.5937,-0.5937,-0.5937,-0.5937,0
HHR,20210317,-0.5937,-0.5937,-0.5937,-0.5937,0
HHR,20210318,-0.5937,-0.5937,-0.5937,-0.5937,0
HHR,20210319,-0.5937,-0.5937,-0.5937,-0.5937,0
HHR,20210322,-0.5937,-0.5937,-0.5937,-0.5937,0
HHR,20210323,-0.5937,-0.5937,-0.5937,-0.5937,0
HHR,20210324,-0.5937,-0.5937,-0.5937,-0.5937,0
HHR,20210325,-0.5937,-0.5937,-0.5937,-0.5937,0
HHR,20210326,-0.5937,-0.5937,-0.5937,-0.5937,0
HHR,20210329,-0.5937,-0.5937,-0.5937,-0.5937,0
HHR,20210330,-0.5937,-0.5937,-0.5937,-0.5937,0
HHR,20210331,-0.5937,-0.5937,-0.5937,-0.5937,0
HHR,20210401,-0.5937,-0.5937,-0.5937,-0.5937,0
HHR,20210402,-0.5937,-0.5937,-0.5937,-0.5937,0
HHR,20210405,-0.5937,-0.5937,-0.5937,-0.5937,0
HHR,20210406,-0.5937,-0.5937,-0.5937,-0.5937,0
HHR,20210407,-0.5937,-0.5937,-0.5937,-0.5937,0
HHR,20210408,-0.5937,-0.5937,-0.5937,-0.5937,0
HHR,20210409,-0.5937,-0.5937,-0.5937,-0.5937,0
HHR,20210412,-0.5937,-0.5937,-0.5937,-0.5937,0
HHR,20210413,-0.5937,-0.5937,-0.5937,-0.5937,0
HHR,20210414,-0.5937,-0.5937,-0.5937,-0.5937,0
HHR,20210415,-0.5937,-0.5937,-0.5937,-0.5937,0
HHR,20210416,-0.5937,-0.5937,-0.5937,-0.5937,0
HHR,20210419,-0.5937,-0.5937,-0.5937,-0.5937,0
HHR,20210420,-0.5937,-0.5937,-0.5937,-0.5937,0
HHR,20210422,-0.5937,-0.5937,-0.5937,-0.5937,0
HHR,20210423,-0.5937,-0.5937,-0.5937,-0.5937,0
HHR,20210426,-0.5937,-0.5937,-0.5937,-0.5937,0
HHR,20210427,-0.5937,-0.5937,-0.5937,-0.5937,0
HHR,20210428,-0.5937,-0.5937,-0.5937,-0.5937,0
HHR,20210429,-0.5937,-0.5937,-0.5937,-0.5937,0
HHR,20210504,-0.5937,-0.5937,-0.5937,-0.5937,0
HHR,20210505,-0.5937,-0.5937,-0.5937,-0.5937,0
HHR,20210506,-0.5937,-0.5937,-0.5937,-0.5937,0
HHR,20210507,-0.5937,-0.5937,-0.5937,-0.5937,0
HHR,20210510,-0.5937,-0.5937,-0.5937,-0.5937,0
HHR,20210511,-0.5937,-0.5937,-0.5937,-0.5937,0
HHR,20210512,-0.5937,-0.5937,-0.5937,-0.5937,0
HHR,20210513,-0.5937,-0.5937,-0.5937,-0.5937,0
HHR,20210514,-0.5937,-0.5937,-0.5937,-0.5937,0
HHR,20210517,-0.5937,-0.5937,-0.5937,-0.5937,0
HHR,20210518,-0.5937,-0.5937,-0.5937,-0.5937,0
HHR,20210519,-0.5937,-0.5937,-0.5937,-0.5937,0
HHR,20210520,-0.7125,-0.7125,-0.7125,-0.7125,0
HHR,20210521,-0.7125,-0.7125,-0.7125,-0.7125,0
HHR,20210524,-0.7125,-0.7125,-0.7125,-0.7125,0
HHR,20210525,-0.7125,-0.7125,-0.7125,-0.7125,0
HHR,20210526,-0.7125,-0.7125,-0.7125,-0.7125,0
HHR,20210527,-0.7125,-0.7125,-0.7125,-0.7125,0
HHR,20210528,-0.7125,-0.7125,-0.7125,-0.7125,0
HHR,20210531,-0.7125,-0.7125,-0.7125,-0.7125,0
HHR,20210601,-0.7125,-0.7125,-0.7125,-0.7125,0
HHR,20210602,-0.7125,-0.7125,-0.7125,-0.7125,0
HHR,20210603,-0.7125,-0.7125,-0.7125,-0.7125,0
HHR,20210604,-0.7125,-0.7125,-0.7125,-0.7125,0
HHR,20210607,-0.7125,-0.7125,-0.7125,-0.7125,0
HHR,20210608,-0.7125,-0.7125,-0.7125,-0.7125,0
HHR,20210609,-0.7125,-0.7125,-0.7125,-0.7125,0
HHR,20210610,-0.7125,-0.7125,-0.7125,-0.7125,0
HHR,20210611,-0.7125,-0.7125,-0.7125,-0.7125,0
HHR,20210614,-0.7125,-0.7125,-0.7125,-0.7125,0
HHR,20210615,-0.7125,-0.7125,-0.7125,-0.7125,0
HHR,20210616,-0.7125,-0.7125,-0.7125,-0.7125,0
HHR,20210617,-0.7125,-0.7125,-0.7125,-0.7125,0
HHR,20210618,-0.7125,-0.7125,-0.7125,-0.7125,0
HHR,20210621,-0.7125,-0.7125,-0.7125,-0.7125,0
HHR,20210622,-0.7125,-0.7125,-0.7125,-0.7125,0
HHR,20210623,-0.7125,-0.7125,-0.7125,-0.7125,0
HHR,20210624,-0.7125,-0.7125,-0.7125,-0.7125,0
HHR,20210625,-0.7125,-0.7125,-0.7125,-0.7125,0
HHR,20210628,-0.7125,-0.7125,-0.7125,-0.7125,0
HHR,20210629,-0.7125,-0.7125,-0.7125,-0.7125,0
HHR,20210630,-0.7125,-0.7125,-0.7125,-0.7125,0
HHR,20210701,-0.7125,-0.7125,-0.7125,-0.7125,0
HHR,20210702,-0.7125,-0.7125,-0.7125,-0.7125,0
HHR,20210705,-0.7125,-0.7125,-0.7125,-0.7125,0
HHR,20210706,-0.7125,-0.7125,-0.7125,-0.7125,0
HHR,20210707,-0.7125,-0.7125,-0.7125,-0.7125,0
HHR,20210708,-0.7125,-0.7125,-0.7125,-0.7125,0
HHR,20210709,-0.7125,-0.7125,-0.7125,-0.7125,0
HHR,20210712,-0.7125,-0.7125,-0.7125,-0.7125,0
HHR,20210713,-0.7125,-0.7125,-0.7125,-0.7125,0
HHR,20210714,-0.7125,-0.7125,-0.7125,-0.7125,0
HHR,20210715,-0.7125,-0.7125,-0.7125,-0.7125,0
HHR,20210716,-0.7125,-0.7125,-0.7125,-0.7125,0
HHR,20210719,-0.7125,-0.7125,-0.7125,-0.7125,0
HHR,20210720,-0.9500,-0.9500,-0.9500,-0.9500,100
HHR,20210721,-0.9500,-0.9500,-0.9500,-0.9500,0
HHR,20210722,-0.9500,-0.9500,-0.9500,-0.9500,0
HHR,20210723,-0.9500,-0.9500,-0.9500,-0.9500,0
HHR,20210726,-0.9500,-0.9500,-0.9500,-0.9500,0
HHR,20210727,-0.9500,-0.9500,-0.9500,-0.9500,0
HHR,20210728,-0.9500,-0.9500,-0.9500,-0.9500,0
HHR,20210729,-0.9500,-0.9500,-0.9500,-0.9500,0
HHR,20210730,-0.9500,-0.9500,-0.9500,-0.9500,0
HHR,20210802,-0.9500,-0.9500,-0.9500,-0.9500,0
HHR,20210803,-0.9500,-0.9500,-0.9500,-0.9500,0
HHR,20210804,-0.9500,-0.9500,-0.9500,-0.9500,0
HHR,20210805,-0.9500,-0.9500,-0.9500,-0.9500,0
HHR,20210806,-0.9500,-0.9500,-0.9500,-0.9500,0
HHR,20210809,-0.9500,-0.9500,-0.9500,-0.9500,0
HHR,20210810,-0.9500,-0.9500,-0.9500,-0.9500,0
HHR,20210811,-0.9500,-0.9500,-0.9500,-0.9500,0
HHR,20210812,-0.9500,-0.9500,-0.9500,-0.9500,0
HHR,20210813,-0.9500,-0.9500,-0.9500,-0.9500,0
HHR,20210816,-0.9500,-0.9500,-0.9500,-0.9500,0
HHR,20210817,-0.9500,-0.9500,-0.9500,-0.9500,0
HHR,20210818,-0.9500,-0.9500,-0.9500,-0.9500,0
HHR,20210819,-0.9500,-0.9500,-0.9500,-0.9500,0
HHR,20210820,-0.9500,-0.9500,-0.9500,-0.9500,0
HHR,20210823,-0.9500,-0.9500,-0.9500,-0.9500,0
HHR,20210824,-0.9500,-0.9500,-0.9500,-0.9500,0
HHR,20210825,-0.9500,-0.9500,-0.9500,-0.9500,0
HHR,20210826,-0.9500,-0.9500,-0.9500,-0.9500,0
HHR,20210827,-0.9500,-0.9500,-0.9500,-0.9500,0
HHR,20210830,-0.9500,-0.9500,-0.9500,-0.9500,0
HHR,20210831,-0.9500,-0.9500,-0.9500,-0.9500,0
HHR,20210901,-0.9500,-0.9500,-0.9500,-0.9500,0
HHR,20210906,-0.9500,-0.9500,-0.9500,-0.9500,0
HHR,20210907,-0.9500,-0.9500,-0.9500,-0.9500,0
HHR,20210908,-0.9500,-0.9500,-0.9500,-0.9500,0
HHR,20210909,-0.9500,-0.9500,-0.9500,-0.9500,0
HHR,20210910,-0.9500,-0.9500,-0.9500,-0.9500,0
HHR,20210913,-0.9500,-0.9500,-0.9500,-0.9500,0
HHR,20210914,-0.9500,-0.9500,-0.9500,-0.9500,0
HHR,20210915,-0.9500,-0.9500,-0.9500,-0.9500,0
HHR,20210916,-0.9500,-0.9500,-0.9500,-0.9500,0
HHR,20210917,-0.9500,-0.9500,-0.9500,-0.9500,0
HHR,20210920,-0.9500,-0.9500,-0.9500,-0.9500,0
HHR,20210921,-0.9500,-0.9500,-0.9500,-0.9500,0
HHR,20210922,-0.9500,-0.9500,-0.9500,-0.9500,0
HHR,20210923,-0.9500,-0.9500,-0.9500,-0.9500,0
HHR,20210924,-0.9500,-0.9500,-0.9500,-0.9500,0
HHR,20210927,-0.9500,-0.9500,-0.9500,-0.9500,0
HHR,20210928,-0.9500,-0.9500,-0.9500,-0.9500,0
HHR,20210929,-0.9500,-0.9500,-0.9500,-0.9500,0
HHR,20210930,-0.9500,-0.9500,-0.9500,-0.9500,0
HHR,20211001,-0.9500,-0.9500,-0.9500,-0.9500,0
HHR,20211004,-0.9500,-0.9500,-0.9500,-0.9500,0
HHR,20211005,-0.9500,-0.9500,-0.9500,-0.9500,0
HHR,20211006,-0.9500,-0.9500,-0.9500,-0.9500,0
HHR,20211007,-0.9500,-0.9500,-0.9500,-0.9500,0
HHR,20211008,-0.9500,-0.9500,-0.9500,-0.9500,0
HHR,20211011,-0.9500,-0.9500,-0.9500,-0.9500,0
HHR,20211012,-0.9500,-0.9500,-0.9500,-0.9500,0
HHR,20211013,-0.9500,-0.9500,-0.9500,-0.9500,0
HHR,20211014,-0.9500,-0.9500,-0.9500,-0.9500,0
HHR,20211015,-0.9500,-0.9500,-0.9500,-0.9500,0
HHR,20211018,-0.9500,-0.9500,-0.9500,-0.9500,0
HHR,20211019,-0.9500,-0.9500,-0.9500,-0.9500,0
HHR,20211020,-0.9500,-0.9500,-0.9500,-0.9500,0
HHR,20211021,-0.9500,-0.9500,-0.9500,-0.9500,0
HHR,20211022,-0.9500,-0.9500,-0.9500,-0.9500,0
HHR,20211025,-0.9500,-0.9500,-0.9500,-0.9500,0
HHR,20211026,-0.9500,-0.9500,-0.9500,-0.9500,0
HHR,20211027,-0.9500,-0.9500,-0.9500,-0.9500,0
HHR,20211028,-0.9500,-0.9500,-0.9500,-0.9500,0
HHR,20211029,-0.9500,-0.9500,-0.9500,-0.9500,0
HHR,20211101,-0.9500,-0.9500,-0.9500,-0.9500,0
HHR,20211102,-0.9500,-0.9500,-0.9500,-0.9500,0
HHR,20211103,-0.9500,-0.9500,-0.9500,-0.9500,0
HHR,20211104,-0.9500,-0.9500,-0.9500,-0.9500,0
HHR,20211105,-0.9500,-0.9500,-0.9500,-0.9500,0
HHR,20211108,-0.9500,-0.9500,-0.9500,-0.9500,0
HHR,20211109,-0.9500,-0.9500,-0.9500,-0.9500,0
HHR,20211110,-0.9500,-0.9500,-0.9500,-0.9500,0
HHR,20211111,-0.9500,-0.9500,-0.9500,-0.9500,0
HHR,20211112,-0.9500,-0.9500,-0.9500,-0.9500,0
HHR,20211115,-0.9500,-0.9500,-0.9500,-0.9500,0
HHR,20211116,-0.9500,-0.9500,-0.9500,-0.9500,0
HHR,20211117,-0.9500,-0.9500,-0.9500,-0.9500,0
HHR,20211118,-0.9500,-0.9500,-0.9500,-0.9500,0
HHR,20211119,-0.9500,-0.9500,-0.9500,-0.9500,0
HHR,20211122,-0.9500,-0.9500,-0.9500,-0.9500,0
HHR,20211123,-0.9500,-0.9500,-0.9500,-0.9500,0
HHR,20211124,-0.9500,-0.9500,-0.9500,-0.9500,0
HHR,20211125,-0.9500,-0.9500,-0.9500,-0.9500,0
HHR,20211126,-0.9500,-0.9500,-0.9500,-0.9500,0
HHR,20211129,-0.9500,-0.9500,-0.9500,-0.9500,0
HHR,20211130,-0.9500,-0.9500,-0.9500,-0.9500,0
HHR,20211201,-0.9500,-0.9500,-0.9500,-0.9500,0
HHR,20211202,-0.9500,-0.9500,-0.9500,-0.9500,0
HHR,20211203,-0.9500,-0.9500,-0.9500,-0.9500,0
HHR,20211206,-0.9500,-0.9500,-0.9500,-0.9500,0
HHR,20211207,-0.9500,-0.9500,-0.9500,-0.9500,0
HHR,20211208,-0.9500,-0.9500,-0.9500,-0.9500,0
HHR,20211209,-0.9500,-0.9500,-0.9500,-0.9500,0
HHR,20211210,-0.9500,-0.9500,-0.9500,-0.9500,0
HHR,20211213,-0.9500,-0.9500,-0.9500,-0.9500,0
HHR,20211214,-0.9500,-0.9500,-0.9500,-0.9500,0
HHR,20211215,-0.9500,-0.9500,-0.9500,-0.9500,0
HHR,20211216,-0.9500,-0.9500,-0.9500,-0.9500,0
HHR,20211217,-0.9500,-0.9500,-0.9500,-0.9500,0
HHR,20211220,-0.9500,-0.9500,-0.9500,-0.9500,0
HHR,20211221,-0.9500,-0.9500,-0.9500,-0.9500,0
HHR,20211222,-0.9500,-0.9500,-0.9500,-0.9500,0
HHR,20211223,-0.9500,-0.9500,-0.9500,-0.9500,0
HHR,20211224,-0.9500,-0.9500,-0.9500,-0.9500,0
HHR,20211227,-0.9500,-0.9500,-0.9500,-0.9500,0
HHR,20211228,-0.9500,-0.9500,-0.9500,-0.9500,0
HHR,20211229,-0.9500,-0.9500,-0.9500,-0.9500,0
HHR,20211230,-0.9500,-0.9500,-0.9500,-0.9500,0
HHR,20211231,-0.9500,-0.9500,-0.9500,-0.9500,0
HHR,20220104,-0.9500,-0.9500,-0.9500,-0.9500,0
HHR,20220105,-0.9500,-0.9500,-0.9500,-0.9500,0
HHR,20220106,-0.9500,-0.9500,-0.9500,-0.9500,0
HHR,20220107,-0.9500,-0.9500,-0.9500,-0.9500,0
HHR,20220110,-0.9500,-0.9500,-0.9500,-0.9500,0
HHR,20220111,-0.9500,-0.9500,-0.9500,-0.9500,0
HHR,20220112,-0.9500,-0.9500,-0.9500,-0.9500,0
HHR,20220113,-0.9500,-0.9500,-0.9500,-0.9500,0
HHR,20220114,-0.9500,-0.9500,-0.9500,-0.9500,0
HHR,20220117,-0.9500,-0.9500,-0.9500,-0.9500,0
HHR,20220118,-0.9500,-0.9500,-0.9500,-0.9500,0
HHR,20220119,-0.9500,-0.9500,-0.9500,-0.9500,0
HHR,20220120,-0.9500,-0.9500,-0.9500,-0.9500,0
HHR,20220121,-0.9500,-0.9500,-0.9500,-0.9500,0
HHR,20220124,-0.9500,-0.9500,-0.9500,-0.9500,0
HHR,20220125,-0.9500,-0.9500,-0.9500,-0.9500,0
HHR,20220126,-0.9500,-0.9500,-0.9500,-0.9500,0
HHR,20220127,-0.9500,-0.9500,-0.9500,-0.9500,0
HHR,20220128,-0.9500,-0.9500,-0.9500,-0.9500,0
HHR,20220207,-0.9500,-0.9500,-0.9500,-0.9500,0
HHR,20220208,-0.9500,-0.9500,-0.9500,-0.9500,0
HHR,20220209,-0.9500,-0.9500,-0.9500,-0.9500,0
HHR,20220210,-0.9500,-0.9500,-0.9500,-0.9500,0
HHR,20220211,-0.9500,-0.9500,-0.9500,-0.9500,0
HHR,20220214,-0.9500,-0.9500,-0.9500,-0.9500,0
HHR,20220215,-0.9500,-0.9500,-0.9500,-0.9500,0
HHR,20220216,-0.9500,-0.9500,-0.9500,-0.9500,0
HHR,20220217,-0.9500,-0.9500,-0.9500,-0.9500,0
HHR,20220218,-0.9500,-0.9500,-0.9500,-0.9500,0
HHR,20220221,-0.9500,-0.9500,-0.9500,-0.9500,0
HHR,20220222,-0.9500,-0.9500,-0.9500,-0.9500,0
HHR,20220223,-0.9500,-0.9500,-0.9500,-0.9500,0
HHR,20220224,-0.9500,-0.9500,-0.9500,-0.9500,0
HHR,20220225,-0.9500,-0.9500,-0.9500,-0.9500,0
HHR,20220228,-0.9500,-0.9500,-0.9500,-0.9500,0
HHR,20220301,-0.9500,-0.9500,-0.9500,-0.9500,0
HHR,20220302,-0.9500,-0.9500,-0.9500,-0.9500,0
HHR,20220303,-0.9500,-0.9500,-0.9500,-0.9500,0
HHR,20220304,-0.9500,-0.9500,-0.9500,-0.9500,0
HHR,20220307,-0.9500,-0.9500,-0.9500,-0.9500,0
HHR,20220308,-0.9500,-0.9500,-0.9500,-0.9500,0
HHR,20220309,-0.9500,-0.9500,-0.9500,-0.9500,0
HHR,20220310,-0.9500,-0.9500,-0.9500,-0.9500,0
HHR,20220311,-0.9500,-0.9500,-0.9500,-0.9500,0
HHR,20220314,-0.9500,-0.9500,-0.9500,-0.9500,0
HHR,20220315,-0.9500,-0.9500,-0.9500,-0.9500,0
HHR,20220316,-0.9500,-0.9500,-0.9500,-0.9500,0
HHR,20220317,-0.9500,-0.9500,-0.9500,-0.9500,0
HHR,20220318,-0.9500,-0.9500,-0.9500,-0.9500,0
HHR,20220321,-0.9500,-0.9500,-0.9500,-0.9500,0
HHR,20220322,-0.9500,-0.9500,-0.9500,-0.9500,0
HHR,20220323,-0.9500,-0.9500,-0.9500,-0.9500,0
HHR,20220324,-0.9500,-0.9500,-0.9500,-0.9500,0
HHR,20220325,-0.9500,-0.9500,-0.9500,-0.9500,0
HHR,20220328,-0.9500,-0.9500,-0.9500,-0.9500,0
HHR,20220329,-0.9500,-0.9500,-0.9500,-0.9500,0
HHR,20220330,-0.9500,-0.9500,-0.9500,-0.9500,0
HHR,20220331,-0.9500,-0.9500,-0.9500,-0.9500,0
HHR,20220401,-0.9500,-0.9500,-0.9500,-0.9500,0
HHR,20220404,-0.9500,-0.9500,-0.9500,-0.9500,0
HHR,20220405,-0.9500,-0.9500,-0.9500,-0.9500,0
HHR,20220406,-0.9500,-0.9500,-0.9500,-0.9500,0
HHR,20220407,-0.9500,-0.9500,-0.9500,-0.9500,0
HHR,20220408,-0.9500,-0.9500,-0.9500,-0.9500,0
HHR,20220412,-0.9500,-0.9500,-0.9500,-0.9500,0
HHR,20220413,-0.9500,-0.9500,-0.9500,-0.9500,0
HHR,20220414,-0.9500,-0.9500,-0.9500,-0.9500,0
HHR,20220415,-0.9500,-0.9500,-0.9500,-0.9500,0
HHR,20220418,-0.9500,-0.9500,-0.9500,-0.9500,0
HHR,20220419,-0.9500,-0.9500,-0.9500,-0.9500,0
HHR,20220420,-0.9500,-0.9500,-0.9500,-0.9500,0
HHR,20220421,-0.9500,-0.9500,-0.9500,-0.9500,0
HHR,20220422,-0.9500,-0.9500,-0.9500,-0.9500,0
HHR,20220425,-0.9500,-0.9500,-0.9500,-0.9500,0
HHR,20220426,-0.9500,-0.9500,-0.9500,-0.9500,0
HHR,20220427,-0.9500,-0.9500,-0.9500,-0.9500,0
HHR,20220428,-0.9500,-0.9500,-0.9500,-0.9500,0
HHR,20220429,-0.9500,-0.9500,-0.9500,-0.9500,0
HHR,20220504,-0.9500,-0.9500,-0.9500,-0.9500,0
HHR,20220505,-0.9500,-0.9500,-0.9500,-0.9500,0
HHR,20220506,-0.9500,-0.9500,-0.9500,-0.9500,0
HHR,20220509,-0.9500,-0.9500,-0.9500,-0.9500,0
HHR,20220510,-0.9500,-0.9500,-0.9500,-0.9500,0
HHR,20220511,0.4000,0.4000,0.4000,0.4000,0
HHR,20220512,0.4000,0.4000,0.4000,0.4000,0
HHR,20220513,0.4000,0.4000,0.4000,0.4000,0
HHR,20220516,0.4000,0.4000,0.4000,0.4000,0
HHR,20220517,0.4000,0.4000,0.4000,0.4000,0
HHR,20220518,0.4000,0.4000,0.4000,0.4000,0
HHR,20220519,0.4000,0.4000,0.4000,0.4000,0
HHR,20220520,0.4000,0.4000,0.4000,0.4000,0
HHR,20220523,0.4000,0.4000,0.4000,0.4000,0
HHR,20220524,0.4000,0.4000,0.4000,0.4000,0
HHR,20220525,0.4000,0.4000,0.4000,0.4000,0
HHR,20220526,0.4000,0.4000,0.4000,0.4000,0
HHR,20220527,0.4000,0.4000,0.4000,0.4000,0
HHR,20220530,0.4000,0.4000,0.4000,0.4000,0
HHR,20220531,0.4000,0.4000,0.4000,0.4000,0
HHR,20220601,0.4000,0.4000,0.4000,0.4000,0
HHR,20220602,0.4000,0.4000,0.4000,0.4000,0
HHR,20220603,0.4000,0.4000,0.4000,0.4000,0
HHR,20220606,0.4000,0.4000,0.4000,0.4000,0
HHR,20220607,0.4000,0.4000,0.4000,0.4000,0
HHR,20220608,0.4000,0.4000,0.4000,0.4000,0
HHR,20220609,0.4000,0.4000,0.4000,0.4000,0
HHR,20220610,0.4000,0.4000,0.4000,0.4000,0
HHR,20220613,0.4000,0.4000,0.4000,0.4000,0
HHR,20220614,0.4000,0.4000,0.4000,0.4000,0
HHR,20220615,0.4000,0.4000,0.4000,0.4000,0
HHR,20220616,0.4000,0.4000,0.4000,0.4000,0
HHR,20220617,0.4000,0.4000,0.4000,0.4000,0
HHR,20220620,0.4000,0.4000,0.4000,0.4000,0
HHR,20220621,0.4000,0.4000,0.4000,0.4000,0
HHR,20220622,0.4000,0.4000,0.4000,0.4000,0
HHR,20220623,0.4000,0.4000,0.4000,0.4000,0
HHR,20220624,0.4000,0.4000,0.4000,0.4000,0
HHR,20220627,0.4000,0.4000,0.4000,0.4000,0
HHR,20220628,0.4000,0.4000,0.4000,0.4000,0
HHR,20220629,0.4000,0.4000,0.4000,0.4000,0
HHR,20220630,0.4000,0.4000,0.4000,0.4000,0
HHR,20220701,0.4000,0.4000,0.4000,0.4000,0
HHR,20220704,0.4000,0.4000,0.4000,0.4000,0
HHR,20220705,0.4000,0.4000,0.4000,0.4000,0
HHR,20220706,0.4000,0.4000,0.4000,0.4000,0
HHR,20220707,0.4000,0.4000,0.4000,0.4000,0
HHR,20220708,0.4000,0.4000,0.4000,0.4000,0
HHR,20220711,0.4000,0.4000,0.4000,0.4000,0
HHR,20220712,0.4000,0.4000,0.4000,0.4000,0
HHR,20220713,0.4000,0.4000,0.4000,0.4000,0
HHR,20220714,0.4000,0.4000,0.4000,0.4000,0
HHR,20220715,0.4000,0.4000,0.4000,0.4000,0
HHR,20220718,0.4000,0.4000,0.4000,0.4000,0
HHR,20220719,0.4000,0.4000,0.4000,0.4000,0
HHR,20220720,0.4000,0.4000,0.4000,0.4000,0
HHR,20220721,0.4000,0.4000,0.4000,0.4000,0
HHR,20220722,0.4000,0.4000,0.4000,0.4000,0
HHR,20220725,0.4000,0.4000,0.4000,0.4000,0
HHR,20220726,0.4000,0.4000,0.4000,0.4000,0
HHR,20220727,0.4000,0.4000,0.4000,0.4000,0
HHR,20220728,0.4000,0.4000,0.4000,0.4000,0
HHR,20220729,0.4000,0.4000,0.4000,0.4000,0
HHR,20220801,0.4000,0.4000,0.4000,0.4000,0
HHR,20220802,0.4000,0.4000,0.4000,0.4000,0
HHR,20220803,0.4000,0.4000,0.4000,0.4000,0
HHR,20220804,0.4000,0.4000,0.4000,0.4000,0
HHR,20220805,0.4000,0.4000,0.4000,0.4000,0
HHR,20220808,0.4000,0.4000,0.4000,0.4000,0
HHR,20220809,0.4000,0.4000,0.4000,0.4000,0
HHR,20220810,0.4000,0.4000,0.4000,0.4000,0
HHR,20220811,0.4000,0.4000,0.4000,0.4000,0
HHR,20220812,0.4000,0.4000,0.4000,0.4000,0
HHR,20220815,0.4000,0.4000,0.4000,0.4000,0
HHR,20220816,0.4000,0.4000,0.4000,0.4000,0
HHR,20220817,0.4000,0.4000,0.4000,0.4000,0
HHR,20220818,0.4000,0.4000,0.4000,0.4000,0
HHR,20220819,0.4000,0.4000,0.4000,0.4000,0
HHR,20220822,0.4000,0.4000,0.4000,0.4000,0
HHR,20220823,0.4000,0.4000,0.4000,0.4000,0
HHR,20220824,0.4000,0.4000,0.4000,0.4000,0
HHR,20220825,0.4000,0.4000,0.4000,0.4000,0
HHR,20220826,0.4000,0.4000,0.4000,0.4000,0
HHR,20220829,0.4000,0.4000,0.4000,0.4000,0
HHR,20220830,0.4000,0.4000,0.4000,0.4000,0
HHR,20220831,0.4000,0.4000,0.4000,0.4000,0
HHR,20220905,0.4000,0.4000,0.4000,0.4000,0
HHR,20220906,0.4000,0.4000,0.4000,0.4000,0
HHR,20220907,0.4000,0.4000,0.4000,0.4000,0
HHR,20220908,0.4000,0.4000,0.4000,0.4000,0
HHR,20220909,0.4000,0.4000,0.4000,0.4000,0
HHR,20220912,0.4000,0.4000,0.4000,0.4000,0
HHR,20220913,0.4000,0.4000,0.4000,0.4000,0
HHR,20220914,0.4000,0.4000,0.4000,0.4000,0
HHR,20220915,0.4000,0.4000,0.4000,0.4000,0
HHR,20220916,0.4000,0.4000,0.4000,0.4000,0
HHR,20220919,0.4000,0.4000,0.4000,0.4000,0
HHR,20220920,0.4000,0.4000,0.4000,0.4000,0
HHR,20220921,0.4000,0.4000,0.4000,0.4000,0
HHR,20220922,0.4000,0.4000,0.4000,0.4000,0
HHR,20220923,0.4000,0.4000,0.4000,0.4000,0
HHR,20220926,0.4000,0.4000,0.4000,0.4000,0
HHR,20220927,0.4000,0.4000,0.4000,0.4000,0
HHR,20220928,0.4000,0.4000,0.4000,0.4000,0
HHR,20220929,0.4000,0.4000,0.4000,0.4000,0
HHR,20220930,0.4000,0.4000,0.4000,0.4000,0
HHR,20221003,0.4000,0.4000,0.4000,0.4000,0
HHR,20221004,0.4000,0.4000,0.4000,0.4000,0
HHR,20221005,0.4000,0.4000,0.4000,0.4000,0
HHR,20221006,0.4000,0.4000,0.4000,0.4000,0
HHR,20221007,0.4000,0.4000,0.4000,0.4000,0
HHR,20221010,0.4000,0.4000,0.4000,0.4000,0
HHR,20221011,0.4000,0.4000,0.4000,0.4000,0
HHR,20221012,0.4000,0.4000,0.4000,0.4000,0
HHR,20221013,0.4000,0.4000,0.4000,0.4000,0
HHR,20221014,0.4000,0.4000,0.4000,0.4000,0
HHR,20221017,0.4000,0.4000,0.4000,0.4000,0
HHR,20221018,0.4000,0.4000,0.4000,0.4000,0
HHR,20221019,0.4000,0.4000,0.4000,0.4000,0
HHR,20221020,0.4000,0.4000,0.4000,0.4000,0
HHR,20221021,0.4000,0.4000,0.4000,0.4000,0
HHR,20221024,0.4000,0.4000,0.4000,0.4000,0
HHR,20221025,0.4000,0.4000,0.4000,0.4000,0
HHR,20221026,0.4000,0.4000,0.4000,0.4000,0
HHR,20221027,0.4000,0.4000,0.4000,0.4000,0
HHR,20221028,0.4000,0.4000,0.4000,0.4000,0
HHR,20221031,0.4000,0.4000,0.4000,0.4000,0
HHR,20221101,0.4000,0.4000,0.4000,0.4000,0
HHR,20221102,0.4000,0.4000,0.4000,0.4000,0
HHR,20221103,0.4000,0.4000,0.4000,0.4000,0
HHR,20221104,0.4000,0.4000,0.4000,0.4000,0
HHR,20221107,0.4000,0.4000,0.4000,0.4000,0
HHR,20221108,0.4000,0.4000,0.4000,0.4000,0
HHR,20221109,0.4000,0.4000,0.4000,0.4000,0
HHR,20221110,0.4000,0.4000,0.4000,0.4000,0
HHR,20221111,0.4000,0.4000,0.4000,0.4000,0
HHR,20221114,0.4000,0.4000,0.4000,0.4000,0
HHR,20221115,0.4000,0.4000,0.4000,0.4000,0
HHR,20221116,0.4000,0.4000,0.4000,0.4000,0
HHR,20221117,0.4000,0.4000,0.4000,0.4000,0
HHR,20221118,0.4000,0.4000,0.4000,0.4000,0
HHR,20221121,0.4000,0.4000,0.4000,0.4000,0
HHR,20221122,0.4000,0.4000,0.4000,0.4000,0
HHR,20221123,0.4000,0.4000,0.4000,0.4000,0
HHR,20221124,0.4000,0.4000,0.4000,0.4000,0
HHR,20221125,0.4000,0.4000,0.4000,0.4000,0
HHR,20221128,0.4000,0.4000,0.4000,0.4000,0
HHR,20221129,0.4000,0.4000,0.4000,0.4000,0
HHR,20221130,0.4000,0.4000,0.4000,0.4000,0
HHR,20221201,0.4000,0.4000,0.4000,0.4000,0
HHR,20221202,0.4000,0.4000,0.4000,0.4000,0
HHR,20221205,0.4000,0.4000,0.4000,0.4000,0
HHR,20221206,0.4000,0.4000,0.4000,0.4000,0
HHR,20221207,0.4000,0.4000,0.4000,0.4000,0
HHR,20221208,0.4000,0.4000,0.4000,0.4000,0
HHR,20221209,0.4000,0.4000,0.4000,0.4000,0
HHR,20221212,0.4000,0.4000,0.4000,0.4000,0
HHR,20221213,0.4000,0.4000,0.4000,0.4000,0
HHR,20221214,0.4000,0.4000,0.4000,0.4000,0
HHR,20221215,0.4000,0.4000,0.4000,0.4000,0
HHR,20221216,0.4000,0.4000,0.4000,0.4000,0
HHR,20221219,0.4000,0.4000,0.4000,0.4000,0
HHR,20221220,0.4000,0.4000,0.4000,0.4000,0
HHR,20221221,0.4000,0.4000,0.4000,0.4000,0
HHR,20221222,0.4000,0.4000,0.4000,0.4000,0
HHR,20221223,0.4000,0.4000,0.4000,0.4000,0
HHR,20221226,0.4000,0.4000,0.4000,0.4000,0
HHR,20221227,0.4000,0.4000,0.4000,0.4000,0
HHR,20221228,0.4000,0.4000,0.4000,0.4000,0
HHR,20221229,0.4000,0.4000,0.4000,0.4000,0
HHR,20221230,0.4000,0.4000,0.4000,0.4000,0
HHR,20230103,0.4000,0.4000,0.4000,0.4000,0
HHR,20230104,0.4000,0.4000,0.4000,0.4000,0
HHR,20230105,0.4000,0.4000,0.4000,0.4000,0
HHR,20230106,0.4000,0.4000,0.4000,0.4000,0
HHR,20230109,0.4000,0.4000,0.4000,0.4000,0
HHR,20230110,0.4000,0.4000,0.4000,0.4000,0
HHR,20230111,0.4000,0.4000,0.4000,0.4000,0
HHR,20230112,0.4000,0.4000,0.4000,0.4000,0
HHR,20230113,0.4000,0.4000,0.4000,0.4000,0
HHR,20230116,0.4000,0.4000,0.4000,0.4000,0
HHR,20230117,0.4000,0.4000,0.4000,0.4000,0
HHR,20230118,0.4000,0.4000,0.4000,0.4000,0
HHR,20230119,0.4000,0.4000,0.4000,0.4000,0
HHR,20230127,0.4000,0.4000,0.4000,0.4000,0
HHR,20230130,0.4000,0.4000,0.4000,0.4000,0
HHR,20230131,0.4000,0.4000,0.4000,0.4000,0
HHR,20230201,0.4000,0.4000,0.4000,0.4000,0
HHR,20230202,0.4000,0.4000,0.4000,0.4000,0
HHR,20230203,0.4000,0.4000,0.4000,0.4000,0
HHR,20230206,0.4000,0.4000,0.4000,0.4000,0
HHR,20230207,0.4000,0.4000,0.4000,0.4000,0
HHR,20230208,0.4000,0.4000,0.4000,0.4000,0
HHR,20230209,0.4000,0.4000,0.4000,0.4000,0
HHR,20230210,0.4000,0.4000,0.4000,0.4000,0
HHR,20230213,0.4000,0.4000,0.4000,0.4000,0
HHR,20230214,0.4000,0.4000,0.4000,0.4000,0
HHR,20230215,0.4000,0.4000,0.4000,0.4000,0
HHR,20230216,0.4000,0.4000,0.4000,0.4000,0
HHR,20230217,0.4000,0.4000,0.4000,0.4000,0
HHR,20230220,0.4000,0.4000,0.4000,0.4000,0
HHR,20230221,0.4000,0.4000,0.4000,0.4000,0
HHR,20230222,0.4000,0.4000,0.4000,0.4000,0
HHR,20230223,0.4000,0.4000,0.4000,0.4000,0
HHR,20230224,0.4000,0.4000,0.4000,0.4000,0
HHR,20230227,0.4000,0.4000,0.4000,0.4000,0
HHR,20230228,0.4000,0.4000,0.4000,0.4000,0
HHR,20230301,0.4000,0.4000,0.4000,0.4000,0
HHR,20230302,0.4000,0.4000,0.4000,0.4000,0
HHR,20230303,0.4000,0.4000,0.4000,0.4000,0
HHR,20230306,0.4000,0.4000,0.4000,0.4000,0
HHR,20230307,0.4000,0.4000,0.4000,0.4000,0
HHR,20230308,0.4000,0.4000,0.4000,0.4000,0
HHR,20230309,0.4000,0.4000,0.4000,0.4000,0
HHR,20230310,0.4000,0.4000,0.4000,0.4000,0
HHR,20230313,0.4000,0.4000,0.4000,0.4000,0
HHR,20230314,0.4000,0.4000,0.4000,0.4000,0
HHR,20230315,0.4000,0.4000,0.4000,0.4000,0
HHR,20230316,0.4000,0.4000,0.4000,0.4000,0
HHR,20230317,0.4000,0.4000,0.4000,0.4000,0
HHR,20230320,0.4000,0.4000,0.4000,0.4000,0
